Component,Parent_Group_Label,Parent_Group_Number,Parent_Group_Type,Subgroup_Label,Subgroup_Number,Subgroup_Type,REGION,PriceRegionLabel,Tree_Depth,Tree_Level_1,Tree_Level_2,Tree_Level_3,Scope,Season,Fin Basis Name,Platts Market,Platt Market w/ ICE in the name,Platts Forward Settle,GasDaily,ICE Market,Hist_Count,Hist_Mean,Hist_SD,Hist_Daily_Change_SD,Hist_Median,Hist_Robust_SD,Hist_Min,Hist_Max,History_Last_Date,History_Last_Basis,Final Mark,Mark_Basis,Hist_Effective_Scale,Own_History_Expected_Value,Own_History_Delta,Forward_Z,Forward_Robust_Z,Forward_Abs_Z,Has_Forward_Final_Mark,HistCal_Check_Type,HistCal_Window_Label,HistCal_Actual_Label,HistCal_Current_Month,HistCal_Mark_Month,HistCal_CurrentMTD_Basis,HistCal_CurrentMTD_Z,HistCal_Mark_Mean,HistCal_Mark_Delta,HistCal_Mark_Z,HistCal_Transition,HistCal_Transition_Mean,HistCal_Transition_Delta,HistCal_Transition_Magnitude_Delta,HistCal_Transition_Z,HistCal_Sample_Years,HistCal_Pattern,HistCal_Transition_Degree,HistCal_Transition_Degree_Score,HistCal_Component_CurrentMonth_SD,HistCal_Component_HistoricalMonth_SD,HistCal_Transition_Degree_Scale_Source,Parent_Model_Label,Parent_Group_Size,Parent_Peers_With_Final_Mark,Parent_Selected_Peer_Count,Parent_Selected_Peers,Parent_Avg_Selected_Corr,Parent_Min_Selected_Corr,Parent_Max_Selected_Corr,Parent_Mean_Pair_Scale,Parent_Reliability,Parent_Peer_Implied_Final_Mark,Parent_Peer_Residual,Parent_Peer_Residual_Z,Subgroup_Model_Label,Subgroup_Group_Size,Subgroup_Peers_With_Final_Mark,Subgroup_Selected_Peer_Count,Subgroup_Selected_Peers,Subgroup_Avg_Selected_Corr,Subgroup_Min_Selected_Corr,Subgroup_Max_Selected_Corr,Subgroup_Mean_Pair_Scale,Subgroup_Reliability,Subgroup_Peer_Implied_Final_Mark,Subgroup_Peer_Residual,Subgroup_Peer_Residual_Z,Chosen_Group_Level,Chosen_Group_Label,Chosen_Group_Selected_Peer_Count,Chosen_Group_Selected_Peers,Chosen_Group_Reliability,Chosen_Group_Peer_Implied_Final_Mark,Chosen_Group_Peer_Residual,Chosen_Group_Mean_Pair_Scale,Chosen_Group_Peer_Residual_Z,Chosen_Group_Peer_Signal,Own_History_Direction,Chosen_Group_Peer_Direction,Chosen_Group_Peer_Trusted,Chosen_Group_Direction_Agree,Chosen_Group_Peer_Score_v2,Own_History_Range_Watch_Low,Own_History_Range_Watch_High,Own_History_Range_Outlier_Low,Own_History_Range_Outlier_High,Own_History_Range_Strong_Low,Own_History_Range_Strong_High,Chosen_Group_Peer_Watch_Threshold_Z,Chosen_Group_Peer_Outlier_Threshold_Z,Chosen_Group_Peer_Strong_Threshold_Z,Chosen_Group_Peer_Range_Watch_Low,Chosen_Group_Peer_Range_Watch_High,Chosen_Group_Peer_Range_Outlier_Low,Chosen_Group_Peer_Range_Outlier_High,Chosen_Group_Peer_Range_Strong_Low,Chosen_Group_Peer_Range_Strong_High,Overall_Combined_Score,Group_Outlier_Flag,Outlier_Reasons,Plot_Flag_Label,Plot_Flag_Short,Plot_Annotate,Plot_Label_Text,Plot_Flag_Priority
Moss Bluff Inter,Global_G01,1,regular,Global_G01_S01,1,regular,South Central,Unassigned,3,Global_G01,Global_G01_S01,Moss Bluff Inter,GLOBAL,Summer,,,ICE Moss Bluff Interconnect (buyers' choice dlvd) FDt Com,,,Moss Bluff Inter,61,-0.287244262295082,0.12274316617038213,0.07791995240662584,-0.2621000000000002,0.07857780000000056,-0.5747999999999998,-0.1200000000000001,2026-08-11,-0.20909999999999984,0.4775,Settle only,0.07857780000000056,-0.2621000000000002,0.7396000000000003,6.230442689033505,9.412327654884649,9.412327654884649,True,forward_transition,,,August,September,-0.15560000000000018,-0.7145474620698724,,,3.761036816112594,0.6331000000000002,0.04106916635182106,0.5920308336481792,0.5920308336481792,8.531609330875005,12,very stronger than history,very strong,8.437163657517257,0.07016941447149691,0.10348586202650517,current-month,Global_G01,32,27,31,Carthage | EGT-Flex | Gulf S. Pool 16 | Lebanon | Michcon | NGPL-AM Pool | NGPL-MidAm | NNG-Demarc | REX E-ANR | Trunkline-Z1A | Union-Dawn | Chicago | NGPL-Nicor | NGPL-Nipsco | PGLC | Bennington | MEP-Lamar | NGPL-TXOK East | REX E-MidW | REX E-NGPL | REX-Z3 Del Pool | Rover-ANR | Rover-PEPL | TGP-Z1 100L | TGP-Z1 Sta-87 | NBPL-Ventura | NNG-Ventura | APC-ACE | Consumers | CG-Mainline | TGT-Mainline,0.7612384886785362,0.5730446451331304,0.961650748728099,0.07872374490115852,0.7612384886785362,-0.2465790482250758,0.7240790482250757,9.745791047468689,Global_G01 | Global_G01_S01,12,10,11,Carthage | EGT-Flex | Gulf S. Pool 16 | Lebanon | Michcon | NGPL-AM Pool | NGPL-MidAm | NNG-Demarc | REX E-ANR | Trunkline-Z1A | Union-Dawn,0.7857731827766448,0.5913361948937399,0.961650748728099,0.07568774125998516,0.7857731827766448,-0.2570591010785626,0.7345591010785626,10.225177724151733,Subgroup,Global_G01 | Global_G01_S01,11,Carthage | EGT-Flex | Gulf S. Pool 16 | Lebanon | Michcon | NGPL-AM Pool | NGPL-MidAm | NNG-Demarc | REX E-ANR | Trunkline-Z1A | Union-Dawn,0.7857731827766448,-0.2570591010785626,0.7345591010785626,0.07568774125998516,10.225177724151733,8.034670444763556,Higher than own-history expected value,Higher than peer-implied value,True,True,9.063991022319946,-0.41925560000000134,-0.1049443999999991,-0.49783340000000187,-0.026366599999998547,-0.5764112000000025,0.05221120000000201,1.4101373361596978,2.8202746723193957,2.2562197378555164,-0.3637892109188625,-0.15032899123826268,-0.4705193207591625,-0.04359888139796275,-0.4278272768230425,-0.08629092533408272,13.067051891517188,Strong outlier,Strong: own-history |z| alone clears the strong tier (≥4); history=very far above own-history expected value; own z=9.41 (very high); peers=very far above peer-implied value; subgroup peers=11; peer model trusted; peer score v2=9.06 (high); history/peer direction agree; pattern=very stronger than history; historical check type=forward_transition; current month name=August; mark month name=September; current transition=+0.63; transition mean=+0.04; transition delta=+0.59; transition magnitude delta=+0.59; transition degree=very strong; transition degree score=8.44; component current-month sd=0.07; component historical month sd=0.10; transition degree scale source=current-month; actual-to-date z=-0.71; mark z=3.76; transition z=8.53; pattern years=12,Strong outlier,SO,True,Moss Bluff Inter [Strong outlier],3
Transco-Z5 North,Global_G16,16,regular,Global_G16_S01,1,supergroup,Northeast,Northeast - Demand,3,Global_G16,Global_G16_S01,Transco-Z5 North,GLOBAL,Summer,,Transco Zone 5 North FDt Com,,,,Transco-Z5 North,62,-0.5763435483870967,0.1721317629322181,0.13083708783029585,-0.565,0.16679249999999973,-0.9099999999999997,-0.0950000000000002,2026-08-11,-0.4632999999999998,0.42,Settle only,0.16679249999999973,-0.565,0.9849999999999999,5.7882608730350125,5.905541316306198,5.905541316306198,True,forward_transition,,,August,September,-0.5,-1.3125961726922846,,,1.2500871785772831,0.9199999999999999,-0.4279628353231497,1.3479628353231496,0.4920371646768502,3.7327683668767326,10,opposite transition,,,0.1563168664196949,0.5685386069045649,current-month,Global_G16,2,1,1,Transco-165,0.9851127717690469,0.9851127717690469,0.9851127717690469,0.029652000000000026,0.9851127717690469,-0.7474999999999998,1.1674999999999998,39.3733980844462,Global_G16 | Global_G16_S01,2,1,1,Transco-165,0.9851127717690469,0.9851127717690469,0.9851127717690469,0.029652000000000026,0.9851127717690469,-0.7474999999999998,1.1674999999999998,39.3733980844462,OwnHistoryOnly,,0,,,,,,,,Higher than own-history expected value,,False,False,0.0,-0.8985849999999994,-0.23141500000000048,-1.0653774999999992,-0.0646225000000007,-1.2321699999999989,0.10216999999999898,,,,,,,,,,5.905541316306198,Strong outlier,Strong: own-history |z| alone clears the strong tier (≥4); history=very far above own-history expected value; own z=5.91 (very high); pattern=opposite transition; historical check type=forward_transition; current month name=August; mark month name=September; current transition=+0.92; transition mean=-0.43; transition delta=+1.35; transition magnitude delta=+0.49; component current-month sd=0.16; component historical month sd=0.57; transition degree scale source=current-month; actual-to-date z=-1.31; mark z=1.25; transition z=3.73; pattern years=10,Strong outlier,SO,True,Transco-Z5 North [Strong outlier],3
Transco-65,Global_G10,10,regular,Global_G10_S01,1,regular,South Central,Southeast,3,Global_G10,Global_G10_S01,Transco-65,GLOBAL,Summer,TRANSCO-65,Transco Station 65 FDt Com,,"Transco, station 65",,Transco-65,62,0.7733435483870967,0.2047416273601629,0.1318935688245176,0.7375,0.15567299999999998,0.46499999999999986,1.3249999999999997,2026-08-11,0.8223000000000003,0.3425,Settle only,0.15567299999999998,0.7375,-0.395,-2.1043280447761403,-2.537369999935763,2.537369999935763,True,forward_transition,,,August,September,0.685,1.125004602970472,,,1.2148320822246814,-0.3425,-0.14513489178920816,-0.19736510821079187,0.19736510821079187,-1.0099600085770586,12,stronger than history,strong,1.725767224405875,0.11436369020088337,0.4141699116571738,current-month,Global_G10,6,5,5,FGT-Z3 | Sonat-Z0 South | TGP-500L | Transco-85 | Transco-Z5 South,0.933543269040995,0.8475267008476595,0.9895434216878767,0.05417788470879953,0.933543269040995,0.5379339097241781,-0.1954339097241781,-3.712823109410087,Global_G10 | Global_G10_S01,6,5,5,FGT-Z3 | Sonat-Z0 South | TGP-500L | Transco-85 | Transco-Z5 South,0.933543269040995,0.8475267008476595,0.9895434216878767,0.05417788470879953,0.933543269040995,0.5379339097241781,-0.1954339097241781,-3.712823109410087,Subgroup,Global_G10 | Global_G10_S01,5,FGT-Z3 | Sonat-Z0 South | TGP-500L | Transco-85 | Transco-Z5 South,0.933543269040995,0.5379339097241781,-0.1954339097241781,0.05417788470879953,-3.712823109410087,3.466081022929645,Lower than own-history expected value,Lower than peer-implied value,True,True,3.587331281192321,0.4261540000000001,1.048846,0.2704810000000001,1.204519,0.11480800000000013,1.360192,1.2937274321707113,2.5874548643414226,2.069963891473138,0.467842494059422,0.6080253253889342,0.39775107839466595,0.6781167410536902,0.4257876446605684,0.6500801747877878,4.39399502020598,Strong outlier,"Strong: trusted peer-implied level agrees with own-history on direction, and both clear strong cutoffs (|own z|≥2.5, peer score v2≥2.0)—a joint-signal call, not a single mild leg; history=moderately below own-history expected value; own z=2.54 watch; peers=very far below peer-implied value; subgroup peers=5; peer model trusted; peer score v2=3.59 (high); history/peer direction agree; pattern=stronger than history; historical check type=forward_transition; current month name=August; mark month name=September; current transition=-0.34; transition mean=-0.15; transition delta=-0.20; transition magnitude delta=+0.20; transition degree=strong; transition degree score=1.73; component current-month sd=0.11; component historical month sd=0.41; transition degree scale source=current-month; actual-to-date z=1.13; mark z=1.21; transition z=-1.01; pattern years=12",Strong outlier,SO,True,Transco-65 [Strong outlier],3
ONEOK Westex,Global_G06,6,regular,Global_G06_S02,2,supergroup,South Central,SouthCentral - WesTex,3,Global_G06,Global_G06_S02,ONEOK Westex,GLOBAL,Summer,ONEOK WESTEX,Oneok OK FDt Com,ICE ONEOK Westex Pool FDt Com,"Oneok, Okla.",Waha,ONEOK Westex,62,-0.5037854838709679,0.1802704087686908,0.09883255199241453,-0.48,0.22609650000000042,-0.8899999999999997,-0.2400000000000002,2026-08-11,-0.4897,-0.8162,Bid+Ask,0.22609650000000042,-0.48,-0.33620000000000005,-1.7330327160343801,-1.48697569400676,1.48697569400676,True,forward_transition,,,August,September,-0.3500000000000001,0.29781607926318454,,,-0.807536518932703,-0.46619999999999995,-0.090030642739972,-0.376169357260028,0.376169357260028,-1.4329223422831614,26,very stronger than history,very strong,4.881691528883292,0.07705717475886445,0.34958384469135034,current-month,Global_G06,7,5,6,ANR-SW | Enable West Pool  | NGPL-Midcont Pool | Panhandle | Southern Star | OGT,0.9497136528371538,0.9188390566844907,0.990752045920406,0.052592919126106696,0.9497136528371538,-0.45348925901633935,-0.3627107409836607,-21.698051224691614,Global_G06 | Global_G06_S02,2,1,1,OGT,0.990752045920406,0.990752045920406,0.990752045920406,0.00370650000000025,0.990752045920406,-0.43345,-0.38275000000000003,-103.26453527585977,Parent,Global_G06,6,ANR-SW | Enable West Pool  | NGPL-Midcont Pool | Panhandle | Southern Star | OGT,0.9497136528371538,-0.45348925901633935,-0.3627107409836607,0.052592919126106696,-21.698051224691614,20.60693548804955,Lower than own-history expected value,Lower than peer-implied value,True,True,21.14545676507402,-0.9321930000000008,-0.027806999999999138,-1.1582895000000013,0.19828950000000134,-1.3843860000000017,0.4243860000000017,1.2826662640677924,2.5653325281355848,2.0522660225084675,-0.5209484221082422,-0.38603009592443654,-0.588407585200145,-0.3185709328325337,-0.5614239199633838,-0.34555459806929484,21.197675309292325,Outlier,history=Lower than own-history expected value; peers=very far below peer-implied value; parent peers=6; peer model trusted; peer score v2=21.15 (high); history/peer direction agree; pattern=very stronger than history; historical check type=forward_transition; current month name=August; mark month name=September; current transition=-0.47; transition mean=-0.09; transition delta=-0.38; transition magnitude delta=+0.38; transition degree=very strong; transition degree score=4.88; component current-month sd=0.08; component historical month sd=0.35; transition degree scale source=current-month; actual-to-date z=0.30; mark z=-0.81; transition z=-1.43; pattern years=26,Outlier,O,True,ONEOK Westex [Outlier],2
OGT,Global_G06,6,regular,Global_G06_S02,2,supergroup,South Central,SouthCentral - Midcon,3,Global_G06,Global_G06_S02,OGT,GLOBAL,Summer,,,,,,OGT,60,-0.492415,0.18641172839456976,0.10561512671598322,-0.4771000000000001,0.22972886999999986,-0.8882999999999996,-0.24109999999999987,2026-08-11,-0.4123000000000001,-0.4325,Bid+Ask,0.22972886999999986,-0.4771000000000001,0.044600000000000084,0.3214121799953513,0.1941419030181105,0.1941419030181105,True,forward_transition,,,August,September,-0.3168000000000002,0.45037136948834217,,,0.1252758089417698,-0.1156999999999998,-0.06577246854672528,-0.049927531453274526,0.049927531453274526,-0.25846818580585607,12,mild stronger than history,mild,0.553767058451693,0.09015980761454027,0.30050606083688486,current-month,Global_G06,7,5,6,ANR-SW | Enable West Pool  | NGPL-Midcont Pool | Panhandle | Southern Star | ONEOK Westex,0.9494778683227992,0.919995166938708,0.990752045920406,0.05586458109534346,0.9494778683227992,-0.5125413736556914,0.08004137365569146,16.962771738043074,Global_G06 | Global_G06_S02,2,1,1,ONEOK Westex,0.990752045920406,0.990752045920406,0.990752045920406,0.00370650000000025,0.990752045920406,-0.81525,0.38275000000000003,103.26453527585977,Parent,Global_G06,6,ANR-SW | Enable West Pool  | NGPL-Midcont Pool | Panhandle | Southern Star | ONEOK Westex,0.9494778683227992,-0.5125413736556914,0.08004137365569146,0.05586458109534346,16.962771738043074,16.10577635068336,Higher than own-history expected value,Higher than peer-implied value,True,True,16.528720697640644,-0.9365577399999998,-0.017642260000000354,-1.1662866099999998,0.2120866099999995,-1.3960154799999995,0.44181547999999937,1.2828255168943887,2.5656510337887775,2.052520827031022,-0.5842058837754138,-0.44087686353596894,-0.6558703938951363,-0.3692123534162465,-0.6272045898472474,-0.39787815746413546,16.52986082757873,Outlier,history=Higher than own-history expected value; peers=very far above peer-implied value; parent peers=6; peer model trusted; peer score v2=16.53 (high); history/peer direction agree; pattern=mild stronger than history; historical check type=forward_transition; current month name=August; mark month name=September; current transition=-0.12; transition mean=-0.07; transition delta=-0.05; transition magnitude delta=+0.05; transition degree=mild; transition degree score=0.55; component current-month sd=0.09; component historical month sd=0.30; transition degree scale source=current-month; actual-to-date z=0.45; mark z=0.13; transition z=-0.26; pattern years=12,Outlier,O,True,OGT [Outlier],2
Pine Prairie,Global_G09,9,regular,Global_G09_S01,1,regular,South Central,SouthCentral - Henry,3,Global_G09,Global_G09_S01,Pine Prairie,GLOBAL,Summer,PINE PRAIRIE,Pine Prairie Hub FDt Com,,Pine Prairie Hub,,Pine Prairie,62,-0.25325,0.11284490843921902,0.07537792758635052,-0.2350000000000001,0.11490149999999985,-0.49499999999999966,-0.0950000000000002,2026-08-11,-0.12650000000000006,-0.265,Bid+Ask,0.11490149999999985,-0.2350000000000001,-0.029999999999999916,-0.10412521187279682,-0.2610931972167461,0.2610931972167461,True,forward_transition,,,August,September,-0.1349999999999998,-2.0341740649690836,,,-4.050454639768241,-0.13000000000000023,0.004019887829277299,-0.13401988782927754,0.1259801121707229,-2.4706813595533994,12,stronger than history,strong,1.637301399577209,0.07694375159225665,0.059790400591815375,current-month,Global_G09,6,4,5,ANR-SE-T | CG-Onshore | TETCO-WLA | TGP-800L | Transco-45,0.91322308624269,0.8561511304348418,0.972264300491101,0.03838675264371669,0.91322308624269,-0.13474113320729042,-0.1302588667927096,-3.410073465272214,Global_G09 | Global_G09_S01,6,4,5,ANR-SE-T | CG-Onshore | TETCO-WLA | TGP-800L | Transco-45,0.91322308624269,0.8561511304348418,0.972264300491101,0.03838675264371669,0.91322308624269,-0.13474113320729042,-0.1302588667927096,-3.410073465272214,Subgroup,Global_G09 | Global_G09_S01,5,ANR-SE-T | CG-Onshore | TETCO-WLA | TGP-800L | Transco-45,0.91322308624269,-0.13474113320729042,-0.1302588667927096,0.03838675264371669,-3.410073465272214,3.1141578142701962,Lower than own-history expected value,Lower than peer-implied value,True,True,3.2587584950580357,-0.4648029999999998,-0.005197000000000396,-0.5797044999999996,0.10970449999999943,-0.6946059999999995,0.2246059999999993,1.3080416477792274,2.6160832955584548,2.0928666364467636,-0.1849526043882712,-0.08452966202630963,-0.235164075569252,-0.03431819084532885,-0.21507948709685967,-0.05440277931772117,3.2692012153958614,Outlier,history=Lower than own-history expected value; peers=moderately below peer-implied value; subgroup peers=5; peer model trusted; peer score v2=3.26 (high); history/peer direction agree; pattern=stronger than history; historical check type=forward_transition; current month name=August; mark month name=September; current transition=-0.13; transition mean=+0.00; transition delta=-0.13; transition magnitude delta=+0.13; transition degree=strong; transition degree score=1.64; component current-month sd=0.08; component historical month sd=0.06; transition degree scale source=current-month; actual-to-date z=-2.03; mark z=-4.05; transition z=-2.47; pattern years=12,Outlier,O,True,Pine Prairie [Outlier],2
TGP-Z1 100L,Global_G01,1,regular,Global_G01_S06,6,supergroup,South Central,SouthCentral - Perryville,3,Global_G01,Global_G01_S06,TGP-Z1 100L,GLOBAL,Summer,,Tennessee Zone 1 FDt Com,ICE Tennessee zone 1 100 Leg Pool FDt Com,"Tennessee, zone 1",,TGP-Z1 100L,62,-0.3785854838709678,0.1368322676051184,0.07452039439192379,-0.4099999999999999,0.15196649999999973,-0.685,-0.14000000000000012,2026-08-11,-0.19229999999999992,-0.43,Settle only,0.15196649999999973,-0.4099999999999999,-0.020000000000000073,-0.3757484767950229,-0.13160795306860465,0.13160795306860465,True,forward_transition,,,August,September,-0.20999999999999996,0.07260993830747352,,,-0.48013365734210833,-0.22000000000000003,-0.09653839151465367,-0.12346160848534636,0.12346160848534636,-0.8837198849313698,10,moderate stronger than history,moderate,1.39785990985139,0.08832187518595613,0.1748821514205566,current-month,Global_G01,32,27,31,Carthage | EGT-Flex | Gulf S. Pool 16 | Lebanon | Michcon | Moss Bluff Inter | NGPL-AM Pool | NGPL-MidAm | NNG-Demarc | REX E-ANR | Trunkline-Z1A | Union-Dawn | Chicago | NGPL-Nicor | NGPL-Nipsco | PGLC | Bennington | MEP-Lamar | NGPL-TXOK East | REX E-MidW | REX E-NGPL | REX-Z3 Del Pool | Rover-ANR | Rover-PEPL | TGP-Z1 Sta-87 | NBPL-Ventura | NNG-Ventura | APC-ACE | Consumers | CG-Mainline | TGT-Mainline,0.9491108500449965,0.8331073862416325,0.9994154352290565,0.04713810285856229,0.9491108500449965,-0.29747156797219654,-0.1325284479474704,-2.919415142567067,Global_G01 | Global_G01_S06,2,1,1,TGP-Z1 Sta-87,0.9994154352290565,0.9994154352290565,0.9994154352290565,0.002223900000000084,0.9994154352290565,-0.3322000000000003,-0.09779999999999972,-43.976797517872214,Parent,Global_G01,31,Carthage | EGT-Flex | Gulf S. Pool 16 | Lebanon | Michcon | Moss Bluff Inter | NGPL-AM Pool | NGPL-MidAm | NNG-Demarc | REX E-ANR | Trunkline-Z1A | Union-Dawn | Chicago | NGPL-Nicor | NGPL-Nipsco | PGLC | Bennington | MEP-Lamar | NGPL-TXOK East | REX E-MidW | REX E-NGPL | REX-Z3 Del Pool | Rover-ANR | Rover-PEPL | TGP-Z1 Sta-87 | NBPL-Ventura | NNG-Ventura | APC-ACE | Consumers | CG-Mainline | TGT-Mainline,0.9491108500449965,-0.29747156797219654,-0.1325284479474704,0.04713810285856229,-2.919415142567067,2.7708485875960633,Lower than own-history expected value,Lower than peer-implied value,True,True,2.84416197224921,-0.7139329999999994,-0.10606700000000047,-0.8658994999999992,0.04589949999999926,-1.0178659999999988,0.197865999999999,1.283073525282715,2.56614705056543,2.052917640452344,-0.3579532197820713,-0.2369899161623218,-0.41843487159194603,-0.17650826435244704,-0.39424221086799616,-0.20070092507639695,2.847205292510434,Outlier,history=Lower than own-history expected value; peers=moderately below peer-implied value; parent peers=31; peer model trusted; peer score v2=2.84 (high); history/peer direction agree; pattern=moderate stronger than history; historical check type=forward_transition; current month name=August; mark month name=September; current transition=-0.22; transition mean=-0.10; transition delta=-0.12; transition magnitude delta=+0.12; transition degree=moderate; transition degree score=1.40; component current-month sd=0.09; component historical month sd=0.17; transition degree scale source=current-month; actual-to-date z=0.07; mark z=-0.48; transition z=-0.88; pattern years=10,Outlier,O,True,TGP-Z1 100L [Outlier],2
PG&E-Topock,Global_G02,2,regular,Global_G02_S06,6,regular,Rockies,West - California,3,Global_G02,Global_G02_S06,PG&E-Topock,GLOBAL,Summer,,,ICE PG&E Topock FDt Com,,,PG&E-Topock,61,-0.9223229508196722,0.8338123428752704,0.23801999651906947,-1.0605000000000002,1.1659166399999998,-2.6818999999999997,0.14739999999999975,2026-08-11,-0.05469999999999997,0.1227,Bid+Ask+Last,1.1659166399999998,-1.0605000000000002,1.1832000000000003,1.2533071256969828,1.014823838520737,1.014823838520737,True,forward_transition,,,August,September,-0.023600000000000065,-0.37494920485269,,,2.0109615505171092,0.14630000000000007,-0.5143800485894777,0.6606800485894778,-0.3680800485894776,0.9193970720446956,12,opposite transition,,,0.11299966452082133,0.5982971482823072,current-month,Global_G02,15,13,14,CIG-Mainline South | MountainWest-North | REX Cheyenne Comp Pool | Ruby-Rec Pool | EP-SJ Blanco Pool | EP-SJ Bondad Stn | TW-Blanco | KRGT-Rec Pool | White River Hub | CIG-Mainline | Cheyenne | NWP-Rocky Mtn | NWP-Wyoming | KRGT-Del Pool,0.9766669871285764,0.9618374872227378,0.9881121453979789,0.19184673651485704,0.9766669871285764,-0.3884754120929939,0.5111754120929939,2.604889629410363,Global_G02 | Global_G02_S06,2,1,1,KRGT-Del Pool,0.9881121453979789,0.9881121453979789,0.9881121453979789,0.15715560000000012,0.9881121453979789,-0.10479999999999981,0.2274999999999998,1.447609884725709,Parent,Global_G02,14,CIG-Mainline South | MountainWest-North | REX Cheyenne Comp Pool | Ruby-Rec Pool | EP-SJ Blanco Pool | EP-SJ Bondad Stn | TW-Blanco | KRGT-Rec Pool | White River Hub | CIG-Mainline | Cheyenne | NWP-Rocky Mtn | NWP-Wyoming | KRGT-Del Pool,0.9766669871285764,-0.3884754120929939,0.5111754120929939,0.19184673651485704,2.604889629410363,2.544109706158693,Higher than own-history expected value,Higher than peer-implied value,True,True,2.574320296632691,-3.39233328,1.2713332799999995,-4.55824992,2.4372499199999993,-5.72416656,3.603166559999999,1.264843400031485,2.52968680006297,2.023749440050376,-0.6311314905913901,-0.1458193335945977,-0.8737875690897863,0.09683674490379851,-0.7767251376904278,-0.00022568649555992915,2.767127104577054,Outlier,history=Higher than own-history expected value; peers=moderately above peer-implied value; parent peers=14; peer model trusted; peer score v2=2.57 (high); history/peer direction agree; pattern=opposite transition; historical check type=forward_transition; current month name=August; mark month name=September; current transition=+0.15; transition mean=-0.51; transition delta=+0.66; transition magnitude delta=-0.37; component current-month sd=0.11; component historical month sd=0.60; transition degree scale source=current-month; actual-to-date z=-0.37; mark z=2.01; transition z=0.92; pattern years=12,Outlier,O,True,PG&E-Topock [Outlier],2
Eastern Gas-North,Global_G03,3,regular,Global_G03_S01,1,regular,Northeast,Northeast - Appalachia,3,Global_G03,Global_G03_S01,Eastern Gas-North,GLOBAL,Summer,,Eastern Gas North FDt Com,,,,Eastern Gas-North,61,-0.7948360655737705,0.1433293619986113,0.11204124921395565,-0.7800000000000002,0.11860799999999977,-1.0799999999999998,-0.41500000000000004,2026-08-10,-0.6500000000000001,-0.99,Settle only,0.11860799999999977,-0.7800000000000002,-0.20999999999999974,-1.3616465719572548,-1.7705382436260635,1.7705382436260635,True,forward_transition,,,August,September,-0.7650000000000001,-0.09078907803212688,,,0.09238546469795948,-0.22499999999999987,-0.302309754289267,0.07730975428926712,-0.07730975428926712,0.255285883462394,21,mild weaker than history,mild,0.6499397887710936,0.11894910209366383,0.674412268212407,current-month,Global_G03,11,7,10,Leidy-Transco | Millennium East Pool | Rover (receipt) | TCO | TGP-Z4 Sta-219 | TGP-Z4 Sta-313 | TGP-Z4 300L | TGP-Z4 Marcellus | Eastern Gas-South | TETCO-M2 (receipt),0.9292614884088269,0.8352974611676097,0.9860875653159971,0.048268624009126584,0.9292614884088269,-0.9102943375713354,-0.07970566242866459,-1.743212251236799,Global_G03 | Global_G03_S01,7,4,6,Leidy-Transco | Millennium East Pool | Rover (receipt) | TCO | TGP-Z4 Sta-219 | TGP-Z4 Sta-313,0.9099363010184657,0.8352974611676097,0.9528771805842351,0.04720568035962841,0.9099363010184657,-0.9017619497511437,-0.08823805024885634,-2.105843782528744,Subgroup,Global_G03 | Global_G03_S01,6,Leidy-Transco | Millennium East Pool | Rover (receipt) | TCO | TGP-Z4 Sta-219 | TGP-Z4 Sta-313,0.9099363010184657,-0.9017619497511437,-0.08823805024885634,0.04720568035962841,-2.105843782528744,1.9161837019969397,Lower than own-history expected value,Lower than peer-implied value,True,True,2.0087766264652642,-1.017216,-0.5427840000000007,-1.1358239999999995,-0.42417600000000094,-1.2544319999999993,-0.30556800000000117,1.3104019100385764,2.620803820077153,2.096643056061722,-0.9636203634590712,-0.8399035360432161,-1.0254787771669989,-0.7780451223352884,-1.0007354116838278,-0.8027884878184596,2.6776835524713585,Outlier,history=Lower than own-history expected value; peers=moderately below peer-implied value; subgroup peers=6; peer model trusted; peer score v2=2.01 (strong-support); history/peer direction agree; pattern=mild weaker than history; historical check type=forward_transition; current month name=August; mark month name=September; current transition=-0.22; transition mean=-0.30; transition delta=+0.08; transition magnitude delta=-0.08; transition degree=mild; transition degree score=0.65; component current-month sd=0.12; component historical month sd=0.67; transition degree scale source=current-month; actual-to-date z=-0.09; mark z=0.09; transition z=0.26; pattern years=21,Outlier,O,True,Eastern Gas-North [Outlier],2
KRGT-Del Pool,Global_G02,2,regular,Global_G02_S06,6,regular,Rockies,West - California,3,Global_G02,Global_G02_S06,KRGT-Del Pool,GLOBAL,Summer,,Kern River Dlvd FDt Com,,"Kern River, delivered",,KRGT-Del Pool,62,-0.6959870967741936,0.8605054845909498,0.241899020615759,-0.7550000000000001,1.1490150000000001,-2.5149999999999997,0.42500000000000027,2026-08-11,0.27879999999999994,0.1227,Bid+Ask+Last,1.1490150000000001,-0.7550000000000001,0.8777000000000001,0.9514025319238553,0.7638716639904615,0.7638716639904615,True,forward_transition,,,August,September,0.27879999999999994,-0.41743537480644005,,,0.4297807842660782,-0.15609999999999993,-0.7324549789631761,0.5763549789631762,-0.5763549789631762,0.5743080775576626,20,very strong weaker than history,very strong,3.486943447812327,0.16528945409905502,1.0896879903409,current-month,Global_G02,15,13,14,CIG-Mainline South | MountainWest-North | REX Cheyenne Comp Pool | Ruby-Rec Pool | EP-SJ Blanco Pool | EP-SJ Bondad Stn | TW-Blanco | KRGT-Rec Pool | White River Hub | CIG-Mainline | Cheyenne | NWP-Rocky Mtn | NWP-Wyoming | PG&E-Topock,0.9838041164998742,0.9687548341522307,0.9920125888483016,0.14958448532580607,0.9838041164998742,-0.24938416755003734,0.3720841675500374,2.540946185964065,Global_G02 | Global_G02_S06,2,1,1,PG&E-Topock,0.9881121453979789,0.9881121453979789,0.9881121453979789,0.15715560000000012,0.9881121453979789,0.35019999999999984,-0.22749999999999984,-1.4476098847257093,Parent,Global_G02,14,CIG-Mainline South | MountainWest-North | REX Cheyenne Comp Pool | Ruby-Rec Pool | EP-SJ Blanco Pool | EP-SJ Bondad Stn | TW-Blanco | KRGT-Rec Pool | White River Hub | CIG-Mainline | Cheyenne | NWP-Rocky Mtn | NWP-Wyoming | PG&E-Topock,0.9838041164998742,-0.24938416755003734,0.3720841675500374,0.14958448532580607,2.540946185964065,2.499793317556102,Higher than own-history expected value,Higher than peer-implied value,True,True,2.520285756802715,-3.0530300000000006,1.5430300000000001,-4.202045,2.6920450000000002,-5.35106,3.8410600000000006,1.2602470667788284,2.5204941335576567,2.0163953068461256,-0.43789757641750515,-0.06087075868256955,-0.6264109852849729,0.12764265018489823,-0.5510056217379858,0.05223728663791116,2.633503410856001,Outlier,history=Higher than own-history expected value; peers=moderately above peer-implied value; parent peers=14; peer model trusted; peer score v2=2.52 (high); history/peer direction agree; pattern=very strong weaker than history; historical check type=forward_transition; current month name=August; mark month name=September; current transition=-0.16; transition mean=-0.73; transition delta=+0.58; transition magnitude delta=-0.58; transition degree=very strong; transition degree score=3.49; component current-month sd=0.17; component historical month sd=1.09; transition degree scale source=current-month; actual-to-date z=-0.42; mark z=0.43; transition z=0.57; pattern years=20,Outlier,O,True,KRGT-Del Pool [Outlier],2
Transco-85,Global_G10,10,regular,Global_G10_S01,1,regular,Southeast,Southeast,3,Global_G10,Global_G10_S01,Transco-85,GLOBAL,Summer,TRANSCO-85,Transco Zn4 FDt Com,,"Transco, zone 4",,Transco-85,62,0.8046016129032257,0.2195428278856872,0.13996476664374985,0.7675000000000001,0.14455349999999986,0.49499999999999966,1.3599999999999999,2026-08-11,0.8503000000000003,0.6067,Bid+Ask+Last,0.14455349999999986,0.7675000000000001,-0.16080000000000005,-0.9014259987863064,-1.1123909140906323,1.1123909140906323,True,forward_transition,,,August,September,0.69,1.2234918424887458,,,3.569250500313964,-0.08329999999999993,-0.13564294951301428,0.05234294951301435,-0.05234294951301435,0.20833252406270256,26,mild weaker than history,mild,0.5274678800083908,0.09923438278778547,0.30758686043108335,current-month,Global_G10,6,5,4,FGT-Z3 | Sonat-Z0 South | TGP-500L | Transco-Z5 South,0.914950821188669,0.8057422459941769,0.974571891677001,0.06637604973670115,0.914950821188669,0.5553440369709934,0.05135596302900669,1.2231711918340533,Global_G10 | Global_G10_S01,6,5,5,FGT-Z3 | Sonat-Z0 South | TGP-500L | Transco-65 | Transco-Z5 South,0.9298693412885106,0.8057422459941769,0.9895434216878768,0.06013763426006492,0.9298693412885106,0.5175804858730687,0.08911951412693142,2.206629730487131,Subgroup,Global_G10 | Global_G10_S01,5,FGT-Z3 | Sonat-Z0 South | TGP-500L | Transco-65 | Transco-Z5 South,0.9298693412885106,0.5175804858730687,0.08911951412693142,0.06013763426006492,2.206629730487131,2.0518773339557126,Lower than own-history expected value,Higher than peer-implied value,True,False,2.127847158143495,0.47839300000000035,1.0566069999999999,0.3338395000000005,1.2011604999999996,0.18928600000000062,1.3457139999999996,1.296280680946777,2.592561361893554,2.0740490895148436,0.4396252323839035,0.5955357393622339,0.36166997889473834,0.673490992851399,0.3928520802904044,0.642308891455733,2.4010720676753414,Watch,history=Lower than own-history expected value; peers=moderately above peer-implied value; subgroup peers=5; peer model trusted; peer score v2=2.13 (strong-support); history/peer direction disagree; pattern=mild weaker than history; historical check type=forward_transition; current month name=August; mark month name=September; current transition=-0.08; transition mean=-0.14; transition delta=+0.05; transition magnitude delta=-0.05; transition degree=mild; transition degree score=0.53; component current-month sd=0.10; component historical month sd=0.31; transition degree scale source=current-month; actual-to-date z=1.22; mark z=3.57; transition z=0.21; pattern years=26,Watch,W,True,Transco-85 [Watch],1
Transco-Z5 South,Global_G10,10,regular,Global_G10_S01,1,regular,Northeast,Northeast - Demand,3,Global_G10,Global_G10_S01,Transco-Z5 South,GLOBAL,Summer,,Transco Zone 5 South FDt Com,,"Transco, zone 5 del. South",,Transco-Z5 South,62,0.8942290322580645,0.22947881032725453,0.1583002269673783,0.8874999999999997,0.29281349999999967,0.54,1.4899999999999998,2026-08-11,1.1072000000000002,0.5125,Settle only,0.29281349999999967,0.8874999999999997,-0.3749999999999998,-1.6634609169957322,-1.280678657234042,1.280678657234042,True,forward_transition,,,August,September,0.8049999999999997,0.9144553173865725,,,2.10090894862764,-0.29249999999999976,-0.17875499875165518,-0.11374500124834458,0.11374500124834458,-0.34254027807162807,10,mild stronger than history,mild,0.7321324569399665,0.15536123302572208,0.4625380028853456,current-month,Global_G10,6,5,5,FGT-Z3 | Sonat-Z0 South | TGP-500L | Transco-65 | Transco-85,0.8735135526580795,0.6916526131303686,0.9729395210723509,0.07413158255108616,0.8735135526580795,0.6543910839184974,-0.1418910839184975,-1.9147529649362962,Global_G10 | Global_G10_S01,6,5,5,FGT-Z3 | Sonat-Z0 South | TGP-500L | Transco-65 | Transco-85,0.8735135526580795,0.6916526131303686,0.9729395210723509,0.07413158255108616,0.8735135526580795,0.6543910839184974,-0.1418910839184975,-1.9147529649362962,Subgroup,Global_G10 | Global_G10_S01,5,FGT-Z3 | Sonat-Z0 South | TGP-500L | Transco-65 | Transco-85,0.8735135526580795,0.6543910839184974,-0.1418910839184975,0.07413158255108616,-1.9147529649362962,1.6725626648640952,Lower than own-history expected value,Lower than peer-implied value,True,True,1.7895654001992436,0.3018730000000004,1.473126999999999,0.009059500000000664,1.7659404999999988,-0.28375399999999895,2.0587539999999986,1.3374427142500036,2.674885428500007,2.139908342800006,0.5552443389397246,0.7535378288972703,0.4560975939609516,0.8526845738760432,0.4957562919524608,0.8130258758845341,2.2006094939096004,Watch,history=Lower than own-history expected value; peers=slightly below peer-implied value; subgroup peers=5; peer model trusted; peer score v2=1.79; history/peer direction agree; pattern=mild stronger than history; historical check type=forward_transition; current month name=August; mark month name=September; current transition=-0.29; transition mean=-0.18; transition delta=-0.11; transition magnitude delta=+0.11; transition degree=mild; transition degree score=0.73; component current-month sd=0.16; component historical month sd=0.46; transition degree scale source=current-month; actual-to-date z=0.91; mark z=2.10; transition z=-0.34; pattern years=10,Watch,W,True,Transco-Z5 South [Watch],1
Transco-30,Global_G04,4,regular,Global_G04_S01,1,regular,South Central,SouthCentral - TexCoast,3,Global_G04,Global_G04_S01,Transco-30,GLOBAL,Summer,TRANSCO-30,Transco Zn1 FDt Com,,"Transco, zone 1",,Transco-30,62,-0.44310645161290335,0.12504992166536533,0.07160978349985546,-0.43999999999999995,0.11490150000000018,-0.69,-0.18000000000000016,2026-08-11,-0.3325999999999998,-0.4,Settle only,0.11490150000000018,-0.43999999999999995,0.039999999999999925,0.3447139433502131,0.3481242629556608,0.3481242629556608,True,forward_transition,,,August,September,-0.33000000000000007,-0.9333545913025606,,,-0.6488882340513005,-0.06999999999999995,-0.04119066097658007,-0.02880933902341988,0.02880933902341988,-0.18070932842162665,26,slight stronger than history,slight,0.4406605900612371,0.0653776164086204,0.15064238923592066,current-month,Global_G04,9,4,8,Agua Dulce Hub | ENT-STX Map | TETCO-STX | TGP-Z0 North | Tres Palacios (inj) | NGPL-STX | TGP-Z0 Border Pool | TGP-Z0 South,0.9533616027428434,0.9333413900474378,0.9725761733735262,0.03348565940228612,0.9533616027428434,-0.47406461301629027,0.07406461301629022,1.9692754072879397,Global_G04 | Global_G04_S01,6,2,5,Agua Dulce Hub | ENT-STX Map | TETCO-STX | TGP-Z0 North | Tres Palacios (inj),0.9472547860172412,0.9333413900474378,0.9725761733735262,0.0348874074529597,0.9472547860172412,-0.4896540887045116,0.08965408870451154,2.092110318291689,Subgroup,Global_G04 | Global_G04_S01,5,Agua Dulce Hub | ENT-STX Map | TETCO-STX | TGP-Z0 North | Tres Palacios (inj),0.9472547860172412,-0.4896540887045116,0.08965408870451154,0.0348874074529597,2.092110318291689,1.9817615118778562,Higher than own-history expected value,Higher than peer-implied value,True,True,2.0361885245214895,-0.6698030000000004,-0.21019699999999958,-0.7847045000000005,-0.09529549999999942,-0.8996060000000007,0.01960600000000079,1.284329946058986,2.568659892117972,2.0549279136943777,-0.5344610308367093,-0.444847146572314,-0.5792679729689068,-0.4000402044401164,-0.5613451961160277,-0.4179629812929955,2.065733334642064,Watch,history=Higher than own-history expected value; peers=moderately above peer-implied value; subgroup peers=5; peer model trusted; peer score v2=2.04 (strong-support); history/peer direction agree; pattern=slight stronger than history; historical check type=forward_transition; current month name=August; mark month name=September; current transition=-0.07; transition mean=-0.04; transition delta=-0.03; transition magnitude delta=+0.03; transition degree=slight; transition degree score=0.44; component current-month sd=0.07; component historical month sd=0.15; transition degree scale source=current-month; actual-to-date z=-0.93; mark z=-0.65; transition z=-0.18; pattern years=26,Watch,W,True,Transco-30 [Watch],1
ANR-SE-T,Global_G09,9,regular,Global_G09_S01,1,regular,South Central,SouthCentral - Henry,3,Global_G09,Global_G09_S01,ANR-SE-T,GLOBAL,Summer,ANR-SE,ANR LA FDt Com,ICE ANR SE Transmission Pool FDt Com,"ANR, La",,ANR-SE-T,62,-0.30719193548387097,0.12012281460919526,0.07537043962588322,-0.28000000000000025,0.11860799999999977,-0.5300000000000002,-0.11000000000000032,2026-08-11,-0.15090000000000003,-0.1525,Ask+Settle,0.11860799999999977,-0.28000000000000025,0.12750000000000025,1.2877814758765191,1.0749696479158277,1.0749696479158277,True,forward_transition,,,August,September,-0.14500000000000002,-2.9615782274052083,,,-1.9088713119137184,-0.007499999999999979,-0.0022056899031444263,-0.005294310096855553,0.005294310096855553,-0.0908230243991197,26,in-line transition,,,0.08667122307369901,0.0534433161703403,current-month,Global_G09,6,4,5,CG-Onshore | Pine Prairie | TETCO-WLA | TGP-800L | Transco-45,0.8838334273392586,0.8347561204278305,0.9392220710158008,0.047323784279375516,0.8838334273392586,-0.2322399289412898,0.07973992894128978,1.7968841429058526,Global_G09 | Global_G09_S01,6,4,5,CG-Onshore | Pine Prairie | TETCO-WLA | TGP-800L | Transco-45,0.8838334273392586,0.8347561204278305,0.9392220710158008,0.047323784279375516,0.8838334273392586,-0.2322399289412898,0.07973992894128978,1.7968841429058526,Subgroup,Global_G09 | Global_G09_S01,5,CG-Onshore | Pine Prairie | TETCO-WLA | TGP-800L | Transco-45,0.8838334273392586,-0.2322399289412898,0.07973992894128978,0.047323784279375516,1.7968841429058526,1.5881462705560458,Higher than own-history expected value,Higher than peer-implied value,True,True,1.6892941869837907,-0.5172159999999998,-0.04278400000000071,-0.6358239999999995,0.07582399999999906,-0.7544319999999993,0.19443199999999883,1.32961161882804,2.65922323765608,2.127378590124864,-0.29516218236605923,-0.16931767551652038,-0.35808443579082866,-0.10639542209175096,-0.3329155344209209,-0.13156432346165872,2.0023173060525408,Watch,history=Higher than own-history expected value; peers=slightly above peer-implied value; subgroup peers=5; peer model trusted; peer score v2=1.69; history/peer direction agree; pattern=in-line transition; historical check type=forward_transition; current month name=August; mark month name=September; current transition=-0.01; transition mean=-0.00; transition delta=-0.01; transition magnitude delta=+0.01; component current-month sd=0.09; component historical month sd=0.05; transition degree scale source=current-month; actual-to-date z=-2.96; mark z=-1.91; transition z=-0.09; pattern years=26,Watch,W,True,ANR-SE-T [Watch],1
TGP-Z4 Sta-219,Global_G03,3,regular,Global_G03_S01,1,regular,Northeast,Northeast - Appalachia,3,Global_G03,Global_G03_S01,TGP-Z4 Sta-219,GLOBAL,Summer,,Tennessee Gas Pipeline Zone 4-200 leg FDt Com,ICE Tennessee zone 4 station 219 Pool FDt Com,,,TGP-Z4 Sta-219,62,-0.6398790322580646,0.15979009503463998,0.10545273848812467,-0.6574999999999998,0.09636899999999943,-0.94,-0.27,2026-08-11,-0.4624999999999999,-0.7275,Settle only,0.09636899999999943,-0.6574999999999998,-0.07000000000000028,-0.5483504326281334,-0.7263746640517251,0.7263746640517251,True,forward_transition,,,August,September,-0.5100000000000002,0.19388258465220243,,,0.3809400406071168,-0.2174999999999998,-0.2879028257770561,0.07040282577705631,-0.07040282577705631,0.21551164955895277,13,slight weaker than history,slight,0.41549331483401647,0.16944394353295725,0.48402968733288654,current-month,Global_G03,11,7,9,Leidy-Transco | Millennium East Pool | Rover (receipt) | TCO | TGP-Z4 Sta-313 | TGP-Z4 300L | TGP-Z4 Marcellus | Eastern Gas-South | TETCO-M2 (receipt),0.9047639952737013,0.8643948170207714,0.9546157081077565,0.060732817688872204,0.9047639952737013,-0.776037629618676,0.04853762961867602,0.9379211664113221,Global_G03 | Global_G03_S01,7,4,6,Eastern Gas-North | Leidy-Transco | Millennium East Pool | Rover (receipt) | TCO | TGP-Z4 Sta-313,0.8936465070622077,0.8643948170207714,0.9546157081077565,0.06293843195239338,0.8936465070622077,-0.7869913443318488,0.05949134433184892,1.5404923663565862,Subgroup,Global_G03 | Global_G03_S01,6,Eastern Gas-North | Leidy-Transco | Millennium East Pool | Rover (receipt) | TCO | TGP-Z4 Sta-313,0.8936465070622077,-0.7869913443318488,0.05949134433184892,0.06293843195239338,1.5404923663565862,1.376655622350558,Lower than own-history expected value,Higher than peer-implied value,True,False,1.456271773170417,-0.8502379999999986,-0.4647620000000009,-0.946606999999998,-0.36839300000000147,-1.0429759999999975,-0.27202400000000204,1.3222912738008497,2.6445825476016993,2.1156660380813594,-0.8702142836892072,-0.7037684049744904,-0.9534372230465655,-0.6205454656171321,-0.9201480473036221,-0.6538346413600755,1.6273744590318378,Watch,history=Lower than own-history expected value; peers=slightly above peer-implied value; subgroup peers=6; peer model trusted; peer score v2=1.46 watch; history/peer direction disagree; pattern=slight weaker than history; historical check type=forward_transition; current month name=August; mark month name=September; current transition=-0.22; transition mean=-0.29; transition delta=+0.07; transition magnitude delta=-0.07; transition degree=slight; transition degree score=0.42; component current-month sd=0.17; component historical month sd=0.48; transition degree scale source=current-month; actual-to-date z=0.19; mark z=0.38; transition z=0.22; pattern years=13,Watch,W,True,TGP-Z4 Sta-219 [Watch],1
NWP-Wyoming,Global_G02,2,regular,Global_G02_S05,5,regular,Rockies,Mountain - WesTex,3,Global_G02,Global_G02_S05,NWP-Wyoming,GLOBAL,Summer,,NW S of Grn Rvr FDt Com,,"Northwest, Wyoming Pool",,NWP-Wyoming,62,-0.9391145161290324,0.7164147690138983,0.21844575397954974,-0.875,0.8006039999999996,-2.525,-0.09509999999999996,2026-08-11,-0.09509999999999996,-0.3257,Bid+Ask+Last,0.8006039999999996,-0.875,0.5493,0.8562281832538998,0.6861069892231368,0.6861069892231368,True,forward_transition,,,August,September,-0.30500000000000016,-0.12598819233659228,,,0.40156419674157906,-0.02069999999999983,-0.24848869355436085,0.22778869355436102,-0.22778869355436102,0.4906193618734337,26,very strong weaker than history,very strong,2.2301193646994686,0.10214192888507467,0.8069306244553128,current-month,Global_G02,15,13,14,CIG-Mainline South | MountainWest-North | REX Cheyenne Comp Pool | Ruby-Rec Pool | EP-SJ Blanco Pool | EP-SJ Bondad Stn | TW-Blanco | KRGT-Rec Pool | White River Hub | CIG-Mainline | Cheyenne | NWP-Rocky Mtn | KRGT-Del Pool | PG&E-Topock,0.9918508841949613,0.9759327205882561,0.9982032775683807,0.06618646849127185,0.9918508841949613,-0.39336066244583096,0.06766066244583094,1.468952079198816,Global_G02 | Global_G02_S05,2,1,1,NWP-Rocky Mtn,0.9982032775683807,0.9982032775683807,0.9982032775683807,0.0026686800000000352,0.9982032775683807,-0.3258,9.999999999998899e-05,0.03747170885980622,Parent,Global_G02,14,CIG-Mainline South | MountainWest-North | REX Cheyenne Comp Pool | Ruby-Rec Pool | EP-SJ Blanco Pool | EP-SJ Bondad Stn | TW-Blanco | KRGT-Rec Pool | White River Hub | CIG-Mainline | Cheyenne | NWP-Rocky Mtn | KRGT-Del Pool | PG&E-Topock,0.9918508841949613,-0.39336066244583096,0.06766066244583094,0.06618646849127185,1.468952079198816,1.4569814185933725,Higher than own-history expected value,Higher than peer-implied value,True,True,1.462954505169855,-2.4762079999999993,0.7262079999999993,-3.2768119999999987,1.5268119999999987,-4.077415999999999,2.3274159999999986,1.2551245390815013,2.5102490781630027,2.008199262530402,-0.47643292320437086,-0.31028840168729105,-0.5595051839629107,-0.22721614092875117,-0.5262762796594949,-0.2604450452321671,1.6158523091104622,Watch,history=Higher than own-history expected value; peers=slightly above peer-implied value; parent peers=14; peer model trusted; peer score v2=1.46 watch; history/peer direction agree; pattern=very strong weaker than history; historical check type=forward_transition; current month name=August; mark month name=September; current transition=-0.02; transition mean=-0.25; transition delta=+0.23; transition magnitude delta=-0.23; transition degree=very strong; transition degree score=2.23; component current-month sd=0.10; component historical month sd=0.81; transition degree scale source=current-month; actual-to-date z=-0.13; mark z=0.40; transition z=0.49; pattern years=26,Watch,W,True,NWP-Wyoming [Watch],1
NWP-Rocky Mtn,Global_G02,2,regular,Global_G02_S05,5,regular,Rockies,Mountain - Opal,3,Global_G02,Global_G02_S05,NWP-Rocky Mtn,GLOBAL,Summer,NWP-ROCKY MTN,Northwest Rocky Mountain Pool FDt Com,,"Northwest, Rocky Mountains",,NWP-Rocky Mtn,60,-0.9372249999999999,0.7247558210955359,0.2217495309376539,-0.8767,0.8284768800000002,-2.4089,-0.14939999999999998,2026-08-11,-0.21209999999999996,-0.3257,Bid+Ask+Last,0.8284768800000002,-0.8767,0.551,0.8437669380504221,0.665075892039377,0.665075892039377,True,forward_transition,,,August,September,-0.18550000000000022,0.06825768764280281,,,0.6654641299353147,-0.14019999999999977,-0.2459856659219069,0.10578566592190713,-0.10578566592190713,0.23708688550861431,12,moderate weaker than history,moderate,1.006118413288675,0.10514236150010225,0.2902961667529229,current-month,Global_G02,15,13,14,CIG-Mainline South | MountainWest-North | REX Cheyenne Comp Pool | Ruby-Rec Pool | EP-SJ Blanco Pool | EP-SJ Bondad Stn | TW-Blanco | KRGT-Rec Pool | White River Hub | CIG-Mainline | Cheyenne | NWP-Wyoming | KRGT-Del Pool | PG&E-Topock,0.9925140487969573,0.9790618760451708,0.9985174595519146,0.06873626928045785,0.9925140487969573,-0.38814395268586144,0.06244395268586133,1.3538267902757979,Global_G02 | Global_G02_S05,2,1,1,NWP-Wyoming,0.9982032775683806,0.9982032775683806,0.9982032775683806,0.0026686800000000352,0.9982032775683806,-0.3256,-9.999999999998899e-05,-0.03747170885980622,Parent,Global_G02,14,CIG-Mainline South | MountainWest-North | REX Cheyenne Comp Pool | Ruby-Rec Pool | EP-SJ Blanco Pool | EP-SJ Bondad Stn | TW-Blanco | KRGT-Rec Pool | White River Hub | CIG-Mainline | Cheyenne | NWP-Wyoming | KRGT-Del Pool | PG&E-Topock,0.9925140487969573,-0.38814395268586144,0.06244395268586133,0.06873626928045785,1.3538267902757979,1.3436921089864213,Higher than own-history expected value,Higher than peer-implied value,True,True,1.3487499305015753,-2.5336537600000004,0.7802537600000004,-3.3621306400000006,1.6087306400000005,-4.19060752,2.4372075200000007,1.2547051529525701,2.5094103059051402,2.0075282447241123,-0.47438770394678736,-0.3019002014249355,-0.5606314552077133,-0.2156564501640096,-0.5261339547033429,-0.25015395066838,1.503812593776225,Watch,history=Higher than own-history expected value; peers=slightly above peer-implied value; parent peers=14; peer model trusted; peer score v2=1.35 watch; history/peer direction agree; pattern=moderate weaker than history; historical check type=forward_transition; current month name=August; mark month name=September; current transition=-0.14; transition mean=-0.25; transition delta=+0.11; transition magnitude delta=-0.11; transition degree=moderate; transition degree score=1.01; component current-month sd=0.11; component historical month sd=0.29; transition degree scale source=current-month; actual-to-date z=0.07; mark z=0.67; transition z=0.24; pattern years=12,Watch,W,True,NWP-Rocky Mtn [Watch],1
Ruby-Rec Pool,Global_G02,2,regular,Global_G02_S01,1,regular,Rockies,Mountain - Opal,3,Global_G02,Global_G02_S01,Ruby-Rec Pool,GLOBAL,Summer,,,ICE Ruby Receipt Pool FDt Com,,Opal,Ruby-Rec Pool,61,-0.9081524590163933,0.7706261267321436,0.1986274955505923,-0.9472,1.00031022,-2.4368000000000003,-0.013700000000000045,2026-08-11,-0.0682999999999998,-0.3257,Bid+Ask+Last,1.00031022,-0.9472,0.6215,0.7558171710142962,0.6213072580624039,0.6213072580624039,True,forward_transition,,,August,September,-0.0682999999999998,-0.04213198802951751,,,-0.40344282914676727,-0.2574000000000002,-0.18189735291624046,-0.07550264708375973,0.07550264708375973,-0.10345954497180271,9,mild stronger than history,mild,0.7067216252162192,0.10683505978844207,0.5101550167863033,current-month,Global_G02,15,13,14,CIG-Mainline South | MountainWest-North | REX Cheyenne Comp Pool | EP-SJ Blanco Pool | EP-SJ Bondad Stn | TW-Blanco | KRGT-Rec Pool | White River Hub | CIG-Mainline | Cheyenne | NWP-Rocky Mtn | NWP-Wyoming | KRGT-Del Pool | PG&E-Topock,0.9901474454395904,0.9746420422740861,0.9971831546505424,0.08382120778553769,0.9901474454395904,-0.3669355243874492,0.04123552438744914,0.6404537874270007,Global_G02 | Global_G02_S01,4,2,3,CIG-Mainline South | MountainWest-North | REX Cheyenne Comp Pool,0.993485244624198,0.9914583045820086,0.9969398683237588,0.07773468152729536,0.993485244624198,-0.43195327798324595,0.10625327798324594,1.3655735379497407,Subgroup,Global_G02 | Global_G02_S01,3,CIG-Mainline South | MountainWest-North | REX Cheyenne Comp Pool,0.993485244624198,-0.43195327798324595,0.10625327798324594,0.07773468152729536,1.3655735379497407,1.3566771604023296,Higher than own-history expected value,Higher than peer-implied value,True,True,1.3611180807653012,-2.94782044,1.05342044,-3.94813066,2.05373066,-4.94844088,3.05404088,1.2540917254419381,2.5081834508838763,2.006546760707101,-0.5294396988664913,-0.33446685710000057,-0.6269261197497368,-0.23698043621675516,-0.5879315513964386,-0.2759750045700533,1.49621694239413,Watch,history=Higher than own-history expected value; peers=slightly above peer-implied value; subgroup peers=3; peer model trusted; peer score v2=1.36 watch; history/peer direction agree; pattern=mild stronger than history; historical check type=forward_transition; current month name=August; mark month name=September; current transition=-0.26; transition mean=-0.18; transition delta=-0.08; transition magnitude delta=+0.08; transition degree=mild; transition degree score=0.71; component current-month sd=0.11; component historical month sd=0.51; transition degree scale source=current-month; actual-to-date z=-0.04; mark z=-0.40; transition z=-0.10; pattern years=9,Watch,W,True,Ruby-Rec Pool [Watch],1
CIG-Mainline,Global_G02,2,regular,Global_G02_S04,4,supergroup,Rockies,Mountain - Rockies,3,Global_G02,Global_G02_S04,CIG-Mainline,GLOBAL,Summer,CIG,CIG Rocky Mtns FDt Com,ICE CIG Mainline Pool FDt Com,"CIG, Rockies",,CIG-Mainline,62,-0.9522951612903227,0.725981062487829,0.2021076090314645,-0.9400000000000002,0.8710275000000002,-2.5349999999999997,-0.14500000000000002,2026-08-11,-0.25229999999999997,-0.4927,Bid+Ask+Last,0.8710275000000002,-0.9400000000000002,0.44730000000000014,0.6330676997487489,0.5135314327044784,0.5135314327044784,True,forward_transition,,,August,September,-0.2549999999999999,0.5735470341176853,,,0.10050745190326456,-0.23770000000000013,-0.132354920367753,-0.10534507963224712,0.10534507963224712,-0.3657119862125393,26,mild stronger than history,mild,0.9322789467817472,0.11299738130513541,0.8155077876600382,current-month,Global_G02,15,13,13,CIG-Mainline South | MountainWest-North | REX Cheyenne Comp Pool | Ruby-Rec Pool | EP-SJ Blanco Pool | EP-SJ Bondad Stn | TW-Blanco | KRGT-Rec Pool | White River Hub | Cheyenne | NWP-Rocky Mtn | NWP-Wyoming | KRGT-Del Pool,0.9934883817035565,0.9808995876175373,0.9989368171474039,0.05631853853702421,0.9934883817035565,-0.42771449567703695,-0.06498550432296309,-1.2906662163883968,Global_G02 | Global_G02_S04,2,1,1,Cheyenne,0.9989368171474039,0.9989368171474039,0.9989368171474039,0.033358499999999944,0.9989368171474039,-0.49700000000000005,0.004300000000000026,0.1289026784777503,Parent,Global_G02,13,CIG-Mainline South | MountainWest-North | REX Cheyenne Comp Pool | Ruby-Rec Pool | EP-SJ Blanco Pool | EP-SJ Bondad Stn | TW-Blanco | KRGT-Rec Pool | White River Hub | Cheyenne | NWP-Rocky Mtn | NWP-Wyoming | KRGT-Del Pool,0.9934883817035565,-0.42771449567703695,-0.06498550432296309,0.05631853853702421,-1.2906662163883968,1.2822618906391605,Higher than own-history expected value,Lower than peer-implied value,True,False,1.2864571904304776,-2.6820550000000005,0.8020550000000002,-3.5530825000000004,1.6730825000000003,-4.424110000000001,2.5441100000000008,1.254089745454832,2.508179490909664,2.0065435927277315,-0.4983429973353218,-0.35708599401875213,-0.5689714989936067,-0.28645749236046725,-0.5407200983302927,-0.3147088930237812,1.3851666452762252,Watch,history=Higher than own-history expected value; peers=slightly below peer-implied value; parent peers=13; peer model trusted; peer score v2=1.29 watch; history/peer direction disagree; pattern=mild stronger than history; historical check type=forward_transition; current month name=August; mark month name=September; current transition=-0.24; transition mean=-0.13; transition delta=-0.11; transition magnitude delta=+0.11; transition degree=mild; transition degree score=0.93; component current-month sd=0.11; component historical month sd=0.82; transition degree scale source=current-month; actual-to-date z=0.57; mark z=0.10; transition z=-0.37; pattern years=26,Watch,W,True,CIG-Mainline [Watch],1
Millennium East Pool,Global_G03,3,regular,Global_G03_S01,1,regular,Northeast,Northeast - Appalachia,3,Global_G03,Global_G03_S01,Millennium East Pool,GLOBAL,Summer,MILLENNIUM EAST POOL,Millennium East receipts FDt Com,,"Millennium, East receipts",,Millennium East Pool,62,-0.7721338709677421,0.17266033075827478,0.12734910432187854,-0.7600000000000002,0.17049899999999982,-1.0550000000000002,-0.3700000000000001,2026-08-11,-0.5623,-0.8375,Settle only,0.17049899999999982,-0.7600000000000002,-0.07749999999999979,-0.3785822067245474,-0.45454812051683513,0.45454812051683513,True,forward_transition,,,August,September,-0.675,0.15248471301403121,,,0.6493992343715155,-0.16249999999999998,-0.3258821654071632,0.16338216540716322,-0.16338216540716322,0.4958050627745998,13,mild weaker than history,mild,0.8655798909881967,0.18875457610346813,0.49868475292310666,current-month,Global_G03,11,7,9,Leidy-Transco | Rover (receipt) | TCO | TGP-Z4 Sta-219 | TGP-Z4 Sta-313 | TGP-Z4 300L | TGP-Z4 Marcellus | Eastern Gas-South | TETCO-M2 (receipt),0.9271567569416042,0.8556643993950431,0.9668097348613802,0.05828372944207052,0.9271567569416042,-0.9152224690344912,0.07772246903449127,1.6225488669089279,Global_G03 | Global_G03_S01,7,4,6,Eastern Gas-North | Leidy-Transco | Rover (receipt) | TCO | TGP-Z4 Sta-219 | TGP-Z4 Sta-313,0.9132325698225031,0.8556643993950431,0.9668097348613802,0.0731231661815513,0.9132325698225031,-0.9251536331076409,0.08765363310764107,1.318026593203758,Subgroup,Global_G03 | Global_G03_S01,6,Eastern Gas-North | Leidy-Transco | Rover (receipt) | TCO | TGP-Z4 Sta-219 | TGP-Z4 Sta-313,0.9132325698225031,-0.9251536331076409,0.08765363310764107,0.0731231661815513,1.318026593203758,1.203664812805867,Lower than own-history expected value,Higher than peer-implied value,True,False,1.2595484240718005,-1.100998,-0.4190020000000006,-1.2714969999999997,-0.2485030000000008,-1.4419959999999996,-0.07800400000000096,1.3080348559991373,2.6160697119982745,2.0928557695986196,-1.0208012832541273,-0.8295059829611544,-1.1164489334006138,-0.733858332814668,-1.0781898733420192,-0.7721173928732625,1.3390579623179661,Watch,history=Lower than own-history expected value; peers=slightly above peer-implied value; subgroup peers=6; peer model trusted; peer score v2=1.26 watch; history/peer direction disagree; pattern=mild weaker than history; historical check type=forward_transition; current month name=August; mark month name=September; current transition=-0.16; transition mean=-0.33; transition delta=+0.16; transition magnitude delta=-0.16; transition degree=mild; transition degree score=0.87; component current-month sd=0.19; component historical month sd=0.50; transition degree scale source=current-month; actual-to-date z=0.15; mark z=0.65; transition z=0.50; pattern years=13,Watch,W,True,Millennium East Pool [Watch],1
TGP-Z0 North,Global_G04,4,regular,Global_G04_S01,1,regular,South Central,SouthCentral - Mexico,3,Global_G04,Global_G04_S01,TGP-Z0 North,GLOBAL,Summer,TGP-Z0,,ICE Tennessee zone 0 North FDt Com,"Tennessee, zone 0",TGP-Z0 South,TGP-Z0 North,61,-0.4250803278688524,0.1330660234866788,0.06930488889172091,-0.43800000000000017,0.10289243999999985,-0.6607999999999996,-0.1856,2026-08-11,-0.31020000000000003,-0.4725,Bid+Settle,0.10289243999999985,-0.43800000000000017,-0.03449999999999981,-0.3563619839883073,-0.3353016023334645,0.3353016023334645,True,forward_transition,,,August,September,-0.21629999999999994,0.25517709841187336,,,-1.0252378458612799,-0.25620000000000004,-0.03677486516086924,-0.2194251348391308,0.2194251348391308,-1.7509717894893329,12,very stronger than history,very strong,2.522594591192686,0.08698390760260304,0.1748638708507501,current-month,Global_G04,9,4,8,Agua Dulce Hub | ENT-STX Map | TETCO-STX | Transco-30 | Tres Palacios (inj) | NGPL-STX | TGP-Z0 Border Pool | TGP-Z0 South,0.9677795878904422,0.9278451260767991,0.9933152592365565,0.02886328242980167,0.9677795878904422,-0.42730425545095213,-0.04519574454904779,-1.7461573960804597,Global_G04 | Global_G04_S01,6,2,5,Agua Dulce Hub | ENT-STX Map | TETCO-STX | Transco-30 | Tres Palacios (inj),0.9575129724992518,0.9278451260767991,0.9828948347354813,0.037129916362296025,0.9575129724992518,-0.41772459502005116,-0.054775404979948726,-1.283938525290236,Subgroup,Global_G04 | Global_G04_S01,5,Agua Dulce Hub | ENT-STX Map | TETCO-STX | Transco-30 | Tres Palacios (inj),0.9575129724992518,-0.41772459502005116,-0.054775404979948726,0.037129916362296025,-1.283938525290236,1.2293877938569597,Lower than own-history expected value,Lower than peer-implied value,True,True,1.2563671243130017,-0.6437848799999999,-0.23221512000000047,-0.7466773199999996,-0.12932268000000063,-0.8495697599999996,-0.02643024000000077,1.2774316722832018,2.5548633445664035,2.043890675653123,-0.4651555261704744,-0.3702936638696279,-0.5125864573208976,-0.32286273271920474,-0.49361408486072833,-0.341835105179374,1.3003405383136797,Watch,history=Lower than own-history expected value; peers=slightly below peer-implied value; subgroup peers=5; peer model trusted; peer score v2=1.26 watch; history/peer direction agree; pattern=very stronger than history; historical check type=forward_transition; current month name=August; mark month name=September; current transition=-0.26; transition mean=-0.04; transition delta=-0.22; transition magnitude delta=+0.22; transition degree=very strong; transition degree score=2.52; component current-month sd=0.09; component historical month sd=0.17; transition degree scale source=current-month; actual-to-date z=0.26; mark z=-1.03; transition z=-1.75; pattern years=12,Watch,W,True,TGP-Z0 North [Watch],1
