Component,Parent_Group_Label,Parent_Group_Number,Parent_Group_Type,Subgroup_Label,Subgroup_Number,Subgroup_Type,REGION,PriceRegionLabel,Tree_Depth,Tree_Level_1,Tree_Level_2,Tree_Level_3,Scope,Season,Fin Basis Name,Platts Market,Platt Market w/ ICE in the name,Platts Forward Settle,GasDaily,ICE Market,Hist_Count,Hist_Mean,Hist_SD,Hist_Daily_Change_SD,Hist_Median,Hist_Robust_SD,Hist_Min,Hist_Max,History_Last_Date,History_Last_Basis,Final Mark,Group_Outlier_Flag,Plot_Flag_Label,Plot_Flag_Short,Plot_Annotate,Plot_Label_Text,Chosen_Group_Level,Chosen_Group_Reliability,Overall_Combined_Score,Outlier_Reasons,History_Window_Start,History_Window_End,Has_Forward_Final_Mark
REX-Z3 Del Pool,Global_G01,1,regular,Global_G01_S02,2,supergroup,Midwest,Midwest - Chicago,3,Global_G01,Global_G01_S02,REX-Z3 Del Pool,GLOBAL,Summer,,REX Zone 3 delivered FDt Com,ICE REX zone 3 delivered Pool FDt Com,"REX, zone 3 delivered",,REX-Z3 Del Pool,61,-0.3442622950819672,0.14810704480648942,0.06579645681048153,-0.31000000000000005,0.12602099999999994,-0.645,-0.13000000000000034,2026-08-24,-0.355,,No forward mark,,,False,,OwnHistoryOnly,,0.0,No forward mark,2026-06-25,2026-08-25,False
Lebanon,Global_G01,1,regular,Global_G01_S03,3,regular,Northeast,Northeast - Appalachia,3,Global_G01,Global_G01_S03,Lebanon,GLOBAL,Summer,,Lebanon Hub-Ohio FDt Com,,Lebanon Hub,,Lebanon,62,-0.357074193548387,0.13745945564442005,0.06496503809637447,-0.3174999999999999,0.12972749999999986,-0.6399999999999997,-0.15500000000000025,2026-08-25,-0.38359999999999994,,No forward mark,,,False,,OwnHistoryOnly,,0.0,No forward mark,2026-06-25,2026-08-25,False
MountainWest-North,Global_G02,2,regular,Global_G02_S01,1,regular,Rockies,Mountain - WesTex,3,Global_G02,Global_G02_S01,MountainWest-North,GLOBAL,Summer,,MountainWest FDt Com,ICE MountainWest North Pool FDt Com,,,MountainWest-North,60,-0.7541666666666667,0.7517443932403894,0.18557707711029897,-0.3999999999999999,0.27428100000000005,-2.51,-0.18500000000000005,2026-08-24,-0.20999999999999996,,No forward mark,,,False,,OwnHistoryOnly,,0.0,No forward mark,2026-06-25,2026-08-25,False
Rover (receipt),Global_G03,3,regular,Global_G03_S01,1,regular,Northeast,Northeast - Appalachia,3,Global_G03,Global_G03_S01,Rover (receipt),GLOBAL,Summer,,,ICE Rover receipts FDt Com,,TETCO-M2 (receipt),Rover (receipt),60,-0.72816,0.19924436678339297,0.11237393908667717,-0.7254499999999999,0.20963963999999993,-1.2619,-0.30909999999999993,2026-08-25,-1.2619,,No forward mark,,,False,,OwnHistoryOnly,,0.0,No forward mark,2026-06-25,2026-08-25,False
TGP-Z4 Sta-313,Global_G03,3,regular,Global_G03_S01,1,regular,Northeast,Northeast - Appalachia,3,Global_G03,Global_G03_S01,TGP-Z4 Sta-313,GLOBAL,Summer,,Tennessee Zone 4-313 Pool FDt Com,,"Tennessee, zone 4-313 Pool",,TGP-Z4 Sta-313,62,-0.7421693548387097,0.19516863123783254,0.0931835766739431,-0.7049999999999996,0.16308599999999948,-1.2345,-0.3650000000000002,2026-08-25,-1.2345,,No forward mark,,,False,,OwnHistoryOnly,,0.0,No forward mark,2026-06-25,2026-08-25,False
TGP-Z4 300L,Global_G03,3,regular,Global_G03_S02,2,supergroup,Northeast,Northeast - Appalachia,3,Global_G03,Global_G03_S02,TGP-Z4 300L,GLOBAL,Summer,,Tennessee zone 4-300 leg FDt Com,,"Tennessee, zone 4-300 leg",,,61,-0.8594262295081967,0.21806172360262227,0.11672009470727208,-0.8599999999999999,0.19273799999999983,-1.3050000000000002,-0.3799999999999999,2026-08-24,-1.3050000000000002,,No forward mark,,,False,,OwnHistoryOnly,,0.0,No forward mark,2026-06-25,2026-08-25,False
Bennington,Global_G04,4,regular,Global_G04_S02,2,supergroup,South Central,SouthCentral - TexCoast,3,Global_G04,Global_G04_S02,Bennington,GLOBAL,Summer,,,ICE Bennington Oklahoma (buyers' choice) FDt Com,,NGPL-TXOK East,Bennington,60,-0.31667,0.13364996820051991,0.061226530875041416,-0.27734999999999976,0.10808153999999962,-0.5803999999999996,-0.121,2026-08-25,-0.3530000000000002,,No forward mark,,,False,,OwnHistoryOnly,,0.0,No forward mark,2026-06-25,2026-08-25,False
MEP-Lamar,Global_G04,4,regular,Global_G04_S02,2,supergroup,South Central,SouthCentral - TexCoast,3,Global_G04,Global_G04_S02,MEP-Lamar,GLOBAL,Summer,,,ICE MEP-Lamar FDt Com,,NGPL-TXOK East,MEP-Lamar,60,-0.31524,0.13708642356347225,0.06289352263903968,-0.2840999999999998,0.1153462799999998,-0.5873999999999997,-0.11319999999999997,2026-08-25,-0.34540000000000015,,No forward mark,,,False,,OwnHistoryOnly,,0.0,No forward mark,2026-06-25,2026-08-25,False
Agua Dulce Hub,Global_G05,5,regular,Global_G05_S01,1,regular,South Central,SouthCentral - TexCoast,3,Global_G05,Global_G05_S01,Agua Dulce Hub,GLOBAL,Summer,,Agua Dulce Hub FDt Com,ICE Agua Dulce Hub FDt Com,,HSC-HPL Pool,Agua Dulce Hub,62,-0.44775000000000004,0.1264811509964115,0.06741860099084553,-0.46025000000000005,0.13751114999999983,-0.6949999999999998,-0.14000000000000012,2026-08-25,-0.46050000000000013,,No forward mark,,,False,,OwnHistoryOnly,,0.0,No forward mark,2026-06-25,2026-08-25,False
Tres Palacios (inj),Global_G05,5,regular,Global_G05_S01,1,regular,South Central,SouthCentral - TexCoast,3,Global_G05,Global_G05_S01,Tres Palacios (inj),GLOBAL,Summer,,,ICE Tres Palacios Hub - Injection FDt Com,,,Tres Palacios (inj),52,-0.4478288461538461,0.12749294226761848,0.07410802883126022,-0.46205000000000007,0.12164733000000026,-0.69,-0.2450000000000001,2026-08-25,-0.4704999999999999,,No forward mark,,,False,,OwnHistoryOnly,,0.0,No forward mark,2026-06-25,2026-08-25,False
TGP-Z0 Border Pool,Global_G05,5,regular,Global_G05_S02,2,supergroup,South Central,SouthCentral - TexCoast,3,Global_G05,Global_G05_S02,TGP-Z0 Border Pool,GLOBAL,Summer,,Tenn Zn0 FDt Com,ICE Tennessee zone 0 South Texas Border Pool FDt Com,"Tennessee, zone 0",TGP-Z0 South,TGP-Z0 Border Pool,61,-0.4558196721311475,0.11887381379663635,0.055699455818985076,-0.44999999999999973,0.11119500000000092,-0.69,-0.21499999999999986,2026-08-24,-0.52,,No forward mark,,,False,,OwnHistoryOnly,,0.0,No forward mark,2026-06-25,2026-08-25,False
ENT-STX Map,Global_G05,5,regular,Global_G05_S03,3,regular,South Central,SouthCentral - Mexico,3,Global_G05,Global_G05_S03,ENT-STX Map,GLOBAL,Summer,,,ICE ENT STX Map FDt Com,,HSC-HPL Pool,ENT-STX Map,60,-0.45032333333333335,0.11201973398584678,0.05246296169206625,-0.4429999999999996,0.0975550800000011,-0.6717999999999997,-0.18310000000000004,2026-08-25,-0.4415,,No forward mark,,,False,,OwnHistoryOnly,,0.0,No forward mark,2026-06-25,2026-08-25,False
Transco-Z6 (non-NY south),Global_G06,6,regular,Global_G06_S01,1,supergroup,Northeast,Northeast - Demand,3,Global_G06,Global_G06_S01,Transco-Z6 (non-NY south),GLOBAL,Summer,TRANSCO-Z6 (NON-NY NORTH),Transco Zn6 non-N.Y. FDt Com,ICE Transco zone 6 non-NY South FDt Com,,Transco-Z6 (non-NY north),Transco-Z6 (non-NY south),61,-0.730327868852459,0.2231532897144528,0.12574175400623683,-0.71,0.19273799999999983,-1.215,-0.22999999999999998,2026-08-24,-1.215,,No forward mark,,,False,,OwnHistoryOnly,,0.0,No forward mark,2026-06-25,2026-08-25,False
PNGTS,Global_G07,7,regular,Global_G07_S01,1,regular,Northeast,Northeast - Demand Rest,3,Global_G07,Global_G07_S01,PNGTS,GLOBAL,Summer,,PNGTS delivered FDt Com,ICE PNGTS FDt Com,,,PNGTS,61,0.3144262295081967,0.6743213244691879,0.5206129861575988,0.1349999999999998,0.35582399999999964,-0.3849999999999998,3.545,2026-08-24,0.06499999999999995,,No forward mark,,,False,,OwnHistoryOnly,,0.0,No forward mark,2026-06-25,2026-08-25,False
TGP-Z6 300L,Global_G07,7,regular,Global_G07_S02,2,supergroup,Northeast,Northeast - Demand Rest,3,Global_G07,Global_G07_S02,TGP-Z6 300L,GLOBAL,Summer,,Tenn Zn6 Dlvd FDt Com,ICE Tennessee zone 6 300 leg FDt Com,,,TGP-Z6 300L,61,-0.2604098360655737,0.5155177778069082,0.35273263349804096,-0.40500000000000025,0.385475999999999,-0.9100000000000001,1.6150000000000002,2026-08-24,-0.9100000000000001,,No forward mark,,,False,,OwnHistoryOnly,,0.0,No forward mark,2026-06-25,2026-08-25,False
Enable West Pool ,Global_G08,8,regular,Global_G08_S01,1,regular,South Central,SouthCentral - Midcon,3,Global_G08,Global_G08_S01,Enable West Pool ,GLOBAL,Summer,,,ICE Enable Gas West Pool FDt Com,,Panhandle,Enable West Pool ,59,-0.38558644067796616,0.1699091009086787,0.07524498019646954,-0.3268,0.1168288800000003,-0.7677999999999998,-0.14329999999999998,2026-08-25,-0.4586999999999999,,No forward mark,,,False,,OwnHistoryOnly,,0.0,No forward mark,2026-06-25,2026-08-25,False
EP-S.Mainline,Global_G10,10,regular,Global_G10_S02,2,regular,South Central,Mountain - WesTex,3,Global_G10,Global_G10_S02,EP-S.Mainline,GLOBAL,Summer,,El Paso S Mainline FDt Com,,,,EP-S.Mainline,62,-0.26781935483870967,0.9622246441703504,0.30076246114298716,0.025000000000000133,0.659757,-2.6599999999999997,1.0,2026-08-25,0.9102000000000001,,No forward mark,,,False,,OwnHistoryOnly,,0.0,No forward mark,2026-06-25,2026-08-25,False
Nortex-Tolar Hub,Global_G12,12,regular,Global_G12_S01,1,regular,South Central,SouthCentral - TexCoast,3,Global_G12,Global_G12_S01,Nortex-Tolar Hub,GLOBAL,Summer,,,ICE NorTex Tolar Hub FDt Com,,NGPL-TXOK East,Nortex-Tolar Hub,60,-0.445955,0.15812772077112594,0.07001479838567379,-0.4276500000000001,0.16694076000000005,-0.7799999999999998,-0.23439999999999994,2026-08-25,-0.4100999999999999,,No forward mark,,,False,,OwnHistoryOnly,,0.0,No forward mark,2026-06-25,2026-08-25,False
TETCO-ETX,Global_G12,12,regular,Global_G12_S02,2,regular,South Central,SouthCentral - TexCoast,3,Global_G12,Global_G12_S02,TETCO-ETX,GLOBAL,Summer,,TX Eastern E TX FDt Com,,"Texas Eastern, ETX",,TETCO-ETX,62,-0.38541129032258076,0.14497313273396975,0.06156337531623708,-0.35750000000000015,0.15196650000000003,-0.6399999999999997,-0.16500000000000004,2026-08-25,-0.37049999999999983,,No forward mark,,,False,,OwnHistoryOnly,,0.0,No forward mark,2026-06-25,2026-08-25,False
Katy-Lonestar Inter,Global_G13,13,regular,Global_G13_S01,1,regular,South Central,SouthCentral - TexCoast,3,Global_G13,Global_G13_S01,Katy-Lonestar Inter,GLOBAL,Summer,,,ICE Katy Lonestar Interstate FDt Com,,Katy-Enstor Pool,Katy-Lonestar Inter,60,-0.4395583333333334,0.13059657546275424,0.06939152301116806,-0.43654999999999977,0.1126776000000001,-0.6938,-0.2250000000000001,2026-08-25,-0.4371999999999998,,No forward mark,,,False,,OwnHistoryOnly,,0.0,No forward mark,2026-06-25,2026-08-25,False
TW-WTX,Global_G14,14,regular,Global_G14_S01,1,supergroup,South Central,Mountain - Panhandle,3,Global_G14,Global_G14_S01,TW-WTX,GLOBAL,Summer,,,ICE Transwestern West Texas Pool FDt Com,,,TW-WTX,60,-1.2477516666666664,0.6186194140897137,0.2291154920358379,-1.0002499999999999,0.4262474999999998,-2.725,-0.5817999999999999,2026-08-25,-0.9704999999999999,,No forward mark,,,False,,OwnHistoryOnly,,0.0,No forward mark,2026-06-25,2026-08-25,False
TW-Panhandle,Global_G15,15,regular,Global_G15_S01,1,supergroup,South Central,Mountain - Panhandle,3,Global_G15,Global_G15_S01,TW-Panhandle,GLOBAL,Summer,,Transwestn Perm FDt Com,ICE Transwestern Panhandle Pool FDt Com,"Transwestern, Permian Basin",Panhandle,TW-Panhandle,61,-1.2352459016393442,0.6203167377971167,0.22862330550319898,-0.9599999999999997,0.3780630000000005,-2.725,-0.5800000000000001,2026-08-24,-0.95,,No forward mark,,,False,,OwnHistoryOnly,,0.0,No forward mark,2026-06-25,2026-08-25,False
TETCO-M1 24,Global_G16,16,regular,Global_G16_S01,1,regular,South Central,SouthCentral - Perryville,3,Global_G16,Global_G16_S01,TETCO-M1 24,GLOBAL,Summer,,TX Eastern M-1 24-in FDt Com,,,,TETCO-M1 24,62,-0.28621774193548394,0.11416075166644211,0.06034002015898641,-0.29275000000000007,0.10711784999999989,-0.52,-0.10000000000000009,2026-08-25,-0.2955000000000001,,No forward mark,,,False,,OwnHistoryOnly,,0.0,No forward mark,2026-06-25,2026-08-25,False
Transco Zn3,Global_G18,18,regular,Global_G18_S01,1,regular,South Central,Southeast,3,Global_G18,Global_G18_S01,Transco Zn3,GLOBAL,Summer,,Transco Zn3 FDt Com,,"Transco, zone 3",,,61,0.38040983606557377,0.24249105667695459,0.2129029081649303,0.31499999999999995,0.14084700000000028,0.0950000000000002,1.5900000000000003,2026-08-24,0.2650000000000001,,No forward mark,,,False,,OwnHistoryOnly,,0.0,No forward mark,2026-06-25,2026-08-25,False
FGT-CG,Global_OUTLIER,999,outlier,Global_OUTLIER_S02,2,outlier,Southeast,Southeast,3,Global_OUTLIER,Global_OUTLIER_S02,FGT-CG,GLOBAL,Summer,,Florida CG FDt Com,,,FGT-Z3,FGT-CG,61,2.0212295081967215,0.7323260064898833,0.4331846985419124,1.8050000000000002,0.3632369999999995,1.3349999999999995,4.430000000000001,2026-08-24,1.5950000000000002,,No forward mark,,,False,,OwnHistoryOnly,,0.0,No forward mark,2026-06-25,2026-08-25,False
REX-Z3 (receipt) ,Global_OUTLIER,999,outlier,Global_OUTLIER_S06,6,outlier,Northeast,Northeast - Appalachia,3,Global_OUTLIER,Global_OUTLIER_S06,REX-Z3 (receipt) ,GLOBAL,Summer,,,ICE REX zone 3 receipts FDt Com,,TETCO-M2 (receipt),REX-Z3 (receipt) ,60,-0.809835,0.6511044238738787,0.4617204425029625,-0.6334000000000002,0.2080829099999993,-3.13,-0.2833999999999999,2026-08-25,-1.061,,No forward mark,,,False,,OwnHistoryOnly,,0.0,No forward mark,2026-06-25,2026-08-25,False
