Component,Parent_Group_Label,Subgroup_Label,Final Mark,Own_History_Expected_Value,Own_History_Delta,Own_History_Direction,Hist_Median,Hist_Effective_Scale,Hist_Robust_SD,Forward_Robust_Z,Forward_Abs_Z,Own_History_Range_Watch_Low,Own_History_Range_Watch_High,Own_History_Range_Outlier_Low,Own_History_Range_Outlier_High,Own_History_Range_Strong_Low,Own_History_Range_Strong_High,Chosen_Group_Level,Chosen_Group_Selected_Peer_Count,Chosen_Group_Reliability,Chosen_Group_Peer_Trusted,Chosen_Group_Direction_Agree,Chosen_Group_Peer_Implied_Final_Mark,Chosen_Group_Peer_Residual,Chosen_Group_Peer_Residual_Z,Chosen_Group_Peer_Signal,Chosen_Group_Peer_Score_v2,Chosen_Group_Peer_Direction,Chosen_Group_Mean_Pair_Scale,Chosen_Group_Peer_Range_Watch_Low,Chosen_Group_Peer_Range_Watch_High,Chosen_Group_Peer_Range_Outlier_Low,Chosen_Group_Peer_Range_Outlier_High,Chosen_Group_Peer_Range_Strong_Low,Chosen_Group_Peer_Range_Strong_High,Overall_Combined_Score,Group_Outlier_Flag,HistCal_Check_Type,HistCal_Window_Label,HistCal_Actual_Label,HistCal_CurrentMTD_Z,HistCal_Mark_Mean,HistCal_Mark_Delta,HistCal_Mark_Z,HistCal_Transition,HistCal_Transition_Mean,HistCal_Transition_Delta,HistCal_Transition_Magnitude_Delta,HistCal_Transition_Degree,HistCal_Transition_Degree_Score,HistCal_Component_CurrentMonth_SD,HistCal_Component_HistoricalMonth_SD,HistCal_Transition_Degree_Scale_Source,HistCal_Transition_Z,HistCal_Sample_Years,HistCal_Pattern,Rule_Hits,Outlier_Reasons
Panhandle,Global_G08,Global_G08_S01,-0.5510000000000002,-0.43999999999999995,-0.11100000000000021,Lower than own-history expected value,-0.43999999999999995,0.14826000000000011,0.14826000000000011,-0.7486847430190214,0.7486847430190214,-0.7365200000000002,-0.14347999999999972,-0.8847800000000003,0.004780000000000395,-1.0330400000000004,0.1530400000000005,OwnHistoryOnly,0,,False,False,,,,,0.0,,,,,,,,,0.7486847430190214,In-family,balmo_transition,August 26-31,August 25,-0.21949715782024537,-0.5197191108650943,-0.0312808891349059,-0.13078354160571243,-0.03310000000000013,-0.0519962962984184,0.01889629629841827,-0.01889629629841827,,,0.10064736989443218,0.3268714292262313,current-month,0.18693588919539073,26,in-line transition,Below trust-gated watch / outlier / strong-outlier thresholds,history=Lower than own-history expected value; pattern=in-line transition; historical check type=balmo_transition; historical window=August 26-31; actual point=August 25; current month name=August; mark month name=August; mark history mean=-0.52; mark history delta=-0.03; current transition=-0.03; transition mean=-0.05; transition delta=+0.02; transition magnitude delta=-0.02; component current-month sd=0.10; component historical month sd=0.33; transition degree scale source=current-month; actual-to-date z=-0.22; mark z=-0.13; transition z=0.19; pattern years=26
Transco-85,Global_G11,Global_G11_S02,0.9369999999999998,0.815,0.12199999999999989,Higher than own-history expected value,0.815,0.25945500000000005,0.25945500000000005,0.4702164151779687,0.4702164151779687,0.29608999999999985,1.33391,0.03663499999999975,1.5933650000000001,-0.22282000000000024,1.8528200000000001,OwnHistoryOnly,0,,False,False,,,,,0.0,,,,,,,,,0.4702164151779687,In-family,balmo_transition,August 26-31,August 25,3.1433507149780584,0.1713707235190224,0.7656292764809774,3.4364726492980147,0.0490999999999997,-0.05093312679316017,0.10003312679315987,-0.0018331267931604722,,,0.7490121136537111,0.30758686043108296,current-month,0.5773280377137529,26,opposite transition,Below trust-gated watch / outlier / strong-outlier thresholds,history=Higher than own-history expected value; pattern=opposite transition; historical check type=balmo_transition; historical window=August 26-31; actual point=August 25; current month name=August; mark month name=August; mark history mean=+0.17; mark history delta=+0.77; current transition=+0.05; transition mean=-0.05; transition delta=+0.10; transition magnitude delta=-0.00; component current-month sd=0.75; component historical month sd=0.31; transition degree scale source=current-month; actual-to-date z=3.14; mark z=3.44; transition z=0.58; pattern years=26
Chicago,Global_G01,Global_G01_S01,-0.2974999999999999,-0.2549999999999999,-0.04249999999999998,Lower than own-history expected value,-0.2549999999999999,0.10378200000000042,0.10378200000000042,-0.4095122468250738,0.4095122468250738,-0.46256400000000075,-0.04743599999999906,-0.5663460000000011,0.05634600000000134,-0.6701280000000016,0.16012800000000177,OwnHistoryOnly,0,,False,False,,,,,0.0,,,,,,,,,0.4095122468250738,In-family,balmo_transition,August 26-31,August 25,-0.725192783469695,-0.2855649062656422,-0.011935093734357693,-0.061792177583574796,0.027500000000000302,-0.06892362625940018,0.09642362625940049,-0.04142362625939988,,,0.0923659918437265,0.16772408825665783,current-month,1.4515191791525361,26,opposite transition,Below trust-gated watch / outlier / strong-outlier thresholds,history=Lower than own-history expected value; pattern=opposite transition; historical check type=balmo_transition; historical window=August 26-31; actual point=August 25; current month name=August; mark month name=August; mark history mean=-0.29; mark history delta=-0.01; current transition=+0.03; transition mean=-0.07; transition delta=+0.10; transition magnitude delta=-0.04; component current-month sd=0.09; component historical month sd=0.17; transition degree scale source=current-month; actual-to-date z=-0.73; mark z=-0.06; transition z=1.45; pattern years=26
CIG-Mainline,Global_G02,Global_G02_S03,-0.39800000000000013,-0.3875000000000002,-0.010499999999999954,Lower than own-history expected value,-0.3875000000000002,0.1964445000000004,0.1964445000000004,-0.05345021112833361,0.05345021112833361,-0.780389000000001,0.005389000000000643,-0.9768335000000015,0.2018335000000011,-1.1732780000000018,0.39827800000000146,OwnHistoryOnly,0,,False,False,,,,,0.0,,,,,,,,,0.05345021112833361,In-family,balmo_transition,August 26-31,August 25,0.27633170863904805,-0.5367161270233985,0.13871612702339842,0.37215333794564354,0.03739999999999988,-0.009328836458129135,0.04672883645812902,0.028071163541870742,slight,0.28552800251702737,0.0983131717184087,0.8155077876600374,current-month,0.45493685489062596,26,slight stronger than history,Below trust-gated watch / outlier / strong-outlier thresholds,history=Lower than own-history expected value; pattern=slight stronger than history; historical check type=balmo_transition; historical window=August 26-31; actual point=August 25; current month name=August; mark month name=August; mark history mean=-0.54; mark history delta=+0.14; current transition=+0.04; transition mean=-0.01; transition delta=+0.05; transition magnitude delta=+0.03; transition degree=slight; transition degree score=0.29; component current-month sd=0.10; component historical month sd=0.82; transition degree scale source=current-month; actual-to-date z=0.28; mark z=0.37; transition z=0.45; pattern years=26
NGPL-Nicor,Global_G01,Global_G01_S01,,-0.2599999999999998,,,-0.2599999999999998,0.11119499999999993,0.11119499999999993,,,-0.48238999999999965,-0.03760999999999992,-0.5935849999999996,0.07358500000000001,-0.7047799999999995,0.18477999999999994,OwnHistoryOnly,0,,False,False,,,,,0.0,,,,,,,,,0.0,No forward mark,balmo_transition,August 26-31,August 25,,,,,,,,,,,,,,,10,,No forward mark available.,No forward mark
NGPL-Nipsco,Global_G01,Global_G01_S01,,-0.26,,,-0.26,0.11119499999999993,0.11119499999999993,,,-0.4823899999999999,-0.03761000000000014,-0.5935849999999998,0.07358499999999979,-0.7047799999999997,0.18477999999999972,OwnHistoryOnly,0,,False,False,,,,,0.0,,,,,,,,,0.0,No forward mark,balmo_transition,August 26-31,August 25,,,,,,,,,,,,,,,10,,No forward mark available.,No forward mark
PGLC,Global_G01,Global_G01_S01,,-0.27500000000000013,,,-0.27500000000000013,0.11119499999999993,0.11119499999999993,,,-0.49739,-0.05261000000000027,-0.6085849999999999,0.058584999999999665,-0.7197799999999999,0.1697799999999996,OwnHistoryOnly,0,,False,False,,,,,0.0,,,,,,,,,0.0,No forward mark,balmo_transition,August 26-31,August 25,,,,,,,,,,,,,,,12,,No forward mark available.,No forward mark
REX E-MidW,Global_G01,Global_G01_S02,,-0.2844,,,-0.2844,0.1458137099999999,0.1458137099999999,,,-0.5760274199999997,0.007227419999999818,-0.7218411299999997,0.15304112999999975,-0.8676548399999996,0.2988548399999996,OwnHistoryOnly,0,,False,False,,,,,0.0,,,,,,,,,0.0,No forward mark,balmo_transition,August 26-31,August 25,,,,,,,,,,,,,,,12,,No forward mark available.,No forward mark
REX E-NGPL,Global_G01,Global_G01_S02,,-0.3004,,,-0.3004,0.14188481999999983,0.14188481999999983,,,-0.5841696399999996,-0.016630360000000344,-0.7260544599999995,0.1252544599999995,-0.8679392799999993,0.2671392799999993,OwnHistoryOnly,0,,False,False,,,,,0.0,,,,,,,,,0.0,No forward mark,balmo_transition,August 26-31,August 25,,,,,,,,,,,,,,,11,,No forward mark available.,No forward mark
REX-Z3 Del Pool,Global_G01,Global_G01_S02,,-0.31000000000000005,,,-0.31000000000000005,0.12602099999999994,0.12602099999999994,,,-0.5620419999999999,-0.057958000000000176,-0.6880629999999999,0.06806299999999976,-0.8140839999999998,0.1940839999999997,OwnHistoryOnly,0,,False,False,,,,,0.0,,,,,,,,,0.0,No forward mark,balmo_transition,August 26-31,August 25,,,,,,,,,,,,,,,10,,No forward mark available.,No forward mark
Lebanon,Global_G01,Global_G01_S03,,-0.3174999999999999,,,-0.3174999999999999,0.12972749999999986,0.12972749999999986,,,-0.5769549999999997,-0.05804500000000018,-0.7066824999999994,0.07168249999999965,-0.8364099999999993,0.20140999999999953,OwnHistoryOnly,0,,False,False,,,,,0.0,,,,,,,,,0.0,No forward mark,balmo_transition,August 26-31,August 25,,,,,,,,,,,,,,,18,,No forward mark available.,No forward mark
NGPL-MidAm,Global_G01,Global_G01_S03,,-0.24499999999999988,,,-0.24499999999999988,0.1408469999999996,0.1408469999999996,,,-0.5266939999999991,0.03669399999999934,-0.6675409999999987,0.17754099999999895,-0.8083879999999983,0.31838799999999856,OwnHistoryOnly,0,,False,False,,,,,0.0,,,,,,,,,0.0,No forward mark,balmo_transition,August 26-31,August 25,,,,,,,,,,,,,,,11,,No forward mark available.,No forward mark
REX E-ANR,Global_G01,Global_G01_S03,,-0.2973999999999999,,,-0.2973999999999999,0.1156428000000001,0.1156428000000001,,,-0.5286856000000001,-0.06611439999999968,-0.6443284000000002,0.04952840000000042,-0.7599712000000003,0.16517120000000052,OwnHistoryOnly,0,,False,False,,,,,0.0,,,,,,,,,0.0,No forward mark,balmo_transition,August 26-31,August 25,,,,,,,,,,,,,,,11,,No forward mark available.,No forward mark
Rover-ANR,Global_G01,Global_G01_S04,,-0.32499999999999973,,,-0.32499999999999973,0.15567299999999964,0.15567299999999964,,,-0.636345999999999,-0.013654000000000444,-0.7920189999999987,0.14201899999999923,-0.9476919999999983,0.29769199999999885,OwnHistoryOnly,0,,False,False,,,,,0.0,,,,,,,,,0.0,No forward mark,balmo_transition,August 26-31,August 25,,,,,,,,,,,,,,,8,,No forward mark available.,No forward mark
Rover-PEPL,Global_G01,Global_G01_S04,,-0.32499999999999973,,,-0.32499999999999973,0.15567299999999964,0.15567299999999964,,,-0.636345999999999,-0.013654000000000444,-0.7920189999999987,0.14201899999999923,-0.9476919999999983,0.29769199999999885,OwnHistoryOnly,0,,False,False,,,,,0.0,,,,,,,,,0.0,No forward mark,balmo_transition,August 26-31,August 25,,,,,,,,,,,,,,,8,,No forward mark available.,No forward mark
TGP-Z1 100L,Global_G01,Global_G01_S05,,-0.3225,,,-0.3225,0.1297275000000002,0.1297275000000002,,,-0.5819550000000004,-0.06304499999999963,-0.7116825000000006,0.06668250000000053,-0.8414100000000008,0.19641000000000075,OwnHistoryOnly,0,,False,False,,,,,0.0,,,,,,,,,0.0,No forward mark,balmo_transition,August 26-31,August 25,,,,,,,,,,,,,,,9,,No forward mark available.,No forward mark
TGP-Z1 Sta-87,Global_G01,Global_G01_S05,,-0.3133999999999999,,,-0.3133999999999999,0.1448500200000005,0.1448500200000005,,,-0.6031000400000008,-0.02369995999999891,-0.7479500600000014,0.12115006000000161,-0.8928000800000019,0.2660000800000021,OwnHistoryOnly,0,,False,False,,,,,0.0,,,,,,,,,0.0,No forward mark,balmo_transition,August 26-31,August 25,,,,,,,,,,,,,,,9,,No forward mark available.,No forward mark
NBPL-Ventura,Global_G01,Global_G01_S06,,-0.3025000000000002,,,-0.3025000000000002,0.1297275000000002,0.1297275000000002,,,-0.5619550000000006,-0.04304499999999983,-0.6916825000000008,0.08668250000000033,-0.821410000000001,0.21641000000000055,OwnHistoryOnly,0,,False,False,,,,,0.0,,,,,,,,,0.0,No forward mark,balmo_transition,August 26-31,August 25,,,,,,,,,,,,,,,17,,No forward mark available.,No forward mark
NNG-Ventura,Global_G01,Global_G01_S06,,-0.29499999999999993,,,-0.29499999999999993,0.12602099999999994,0.12602099999999994,,,-0.5470419999999998,-0.04295800000000005,-0.6730629999999997,0.08306299999999989,-0.7990839999999997,0.20908399999999983,OwnHistoryOnly,0,,False,False,,,,,0.0,,,,,,,,,0.0,No forward mark,balmo_transition,August 26-31,August 25,,,,,,,,,,,,,,,26,,No forward mark available.,No forward mark
APC-ACE,Global_G01,Global_G01_S07,,-0.26,,,-0.26,0.11860799999999977,0.11860799999999977,,,-0.49721599999999955,-0.02278400000000047,-0.6158239999999993,0.0958239999999993,-0.7344319999999991,0.21443199999999907,OwnHistoryOnly,0,,False,False,,,,,0.0,,,,,,,,,0.0,No forward mark,balmo_transition,August 26-31,August 25,,,,,,,,,,,,,,,25,,No forward mark available.,No forward mark
Consumers,Global_G01,Global_G01_S07,,-0.2650000000000001,,,-0.2650000000000001,0.10748849999999968,0.10748849999999968,,,-0.4799769999999995,-0.05002300000000076,-0.5874654999999992,0.05746549999999895,-0.6949539999999989,0.1649539999999986,OwnHistoryOnly,0,,False,False,,,,,0.0,,,,,,,,,0.0,No forward mark,balmo_transition,August 26-31,August 25,,,,,,,,,,,,,,,26,,No forward mark available.,No forward mark
Michcon,Global_G01,Global_G01_S08,,-0.27500000000000013,,,-0.27500000000000013,0.14826000000000011,0.14826000000000011,,,-0.5715200000000004,0.021520000000000095,-0.7197800000000005,0.1697800000000002,-0.8680400000000006,0.3180400000000003,OwnHistoryOnly,0,,False,False,,,,,0.0,,,,,,,,,0.0,No forward mark,balmo_transition,August 26-31,August 25,,,,,,,,,,,,,,,26,,No forward mark available.,No forward mark
Union-Dawn,Global_G01,Global_G01_S08,,-0.2549999999999999,,,-0.2549999999999999,0.12602099999999994,0.12602099999999994,,,-0.5070419999999998,-0.002958000000000016,-0.6330629999999997,0.12306299999999992,-0.7590839999999996,0.24908399999999986,OwnHistoryOnly,0,,False,False,,,,,0.0,,,,,,,,,0.0,No forward mark,balmo_transition,August 26-31,August 25,,,,,,,,,,,,,,,26,,No forward mark available.,No forward mark
NGPL-AM Pool,Global_G01,Global_G01_S09,,-0.33000000000000007,,,-0.33000000000000007,0.13343400000000044,0.13343400000000044,,,-0.596868000000001,-0.06313199999999919,-0.7303020000000013,0.07030200000000125,-0.8637360000000018,0.2037360000000017,OwnHistoryOnly,0,,False,False,,,,,0.0,,,,,,,,,0.0,No forward mark,balmo_transition,August 26-31,August 25,,,,,,,,,,,,,,,26,,No forward mark available.,No forward mark
NNG-Demarc,Global_G01,Global_G01_S09,,-0.3099999999999996,,,-0.3099999999999996,0.11860799999999944,0.11860799999999944,,,-0.5472159999999985,-0.07278400000000074,-0.665823999999998,0.0458239999999987,-0.7844319999999974,0.16443199999999814,OwnHistoryOnly,0,,False,False,,,,,0.0,,,,,,,,,0.0,No forward mark,balmo_transition,August 26-31,August 25,,,,,,,,,,,,,,,26,,No forward mark available.,No forward mark
CIG-Mainline South,Global_G02,Global_G02_S01,,-0.4453999999999998,,,-0.4453999999999998,0.2286169199999995,0.2286169199999995,,,-0.9026338399999988,0.011833839999999207,-1.1312507599999984,0.24045075999999876,-1.3598676799999978,0.4690676799999982,OwnHistoryOnly,0,,False,False,,,,,0.0,,,,,,,,,0.0,No forward mark,balmo_transition,August 26-31,August 25,,,,,,,,,,,,,,,12,,No forward mark available.,No forward mark
KRGT-Rec Pool,Global_G02,Global_G02_S01,,-0.28749999999999987,,,-0.28749999999999987,0.3150524999999995,0.3150524999999995,,,-0.9176049999999989,0.34260499999999916,-1.2326574999999984,0.6576574999999987,-1.547709999999998,0.9727099999999982,OwnHistoryOnly,0,,False,False,,,,,0.0,,,,,,,,,0.0,No forward mark,balmo_transition,August 26-31,August 25,,,,,,,,,,,,,,,26,,No forward mark available.,No forward mark
MountainWest-North,Global_G02,Global_G02_S01,,-0.3999999999999999,,,-0.3999999999999999,0.27428100000000005,0.27428100000000005,,,-0.948562,0.1485620000000002,-1.2228430000000001,0.4228430000000003,-1.4971240000000001,0.6971240000000003,OwnHistoryOnly,0,,False,False,,,,,0.0,,,,,,,,,0.0,No forward mark,balmo_transition,August 26-31,August 25,,,,,,,,,,,,,,,26,,No forward mark available.,No forward mark
NWP-Rocky Mtn,Global_G02,Global_G02_S01,,-0.3886000000000003,,,-0.3886000000000003,0.25055940000000004,0.25055940000000004,,,-0.8897188000000004,0.11251879999999981,-1.1402782000000005,0.3630781999999999,-1.3908376000000005,0.6136375999999999,OwnHistoryOnly,0,,False,False,,,,,0.0,,,,,,,,,0.0,No forward mark,balmo_transition,August 26-31,August 25,,,,,,,,,,,,,,,12,,No forward mark available.,No forward mark
NWP-Wyoming,Global_G02,Global_G02_S01,,-0.38000000000000034,,,-0.38000000000000034,0.1890314999999999,0.1890314999999999,,,-0.7580630000000002,-0.0019370000000005216,-0.9470945000000001,0.1870944999999994,-1.136126,0.3761259999999993,OwnHistoryOnly,0,,False,False,,,,,0.0,,,,,,,,,0.0,No forward mark,balmo_transition,August 26-31,August 25,,,,,,,,,,,,,,,26,,No forward mark available.,No forward mark
REX Cheyenne Comp Pool,Global_G02,Global_G02_S01,,-0.3870499999999999,,,-0.3870499999999999,0.17961699000000012,0.17961699000000012,,,-0.7462839800000001,-0.027816019999999664,-0.9259009700000003,0.15180097000000048,-1.1055179600000002,0.33141796000000057,OwnHistoryOnly,0,,False,False,,,,,0.0,,,,,,,,,0.0,No forward mark,balmo_transition,August 26-31,August 25,,,,,,,,,,,,,,,5,,No forward mark available.,No forward mark
Ruby-Rec Pool,Global_G02,Global_G02_S01,,-0.2792999999999999,,,-0.2792999999999999,0.3319541400000003,0.3319541400000003,,,-0.9432082800000005,0.3846082800000007,-1.2751624200000007,0.7165624200000009,-1.607116560000001,1.0485165600000013,OwnHistoryOnly,0,,False,False,,,,,0.0,,,,,,,,,0.0,No forward mark,balmo_transition,August 26-31,August 25,,,,,,,,,,,,,,,9,,No forward mark available.,No forward mark
EP-SJ Blanco Pool,Global_G02,Global_G02_S02,,-0.4148999999999998,,,-0.4148999999999998,0.2520419999999999,0.2520419999999999,,,-0.9189839999999996,0.08918399999999993,-1.1710259999999995,0.3412259999999998,-1.4230679999999993,0.5932679999999997,OwnHistoryOnly,0,,False,False,,,,,0.0,,,,,,,,,0.0,No forward mark,balmo_transition,August 26-31,August 25,,,,,,,,,,,,,,,26,,No forward mark available.,No forward mark
EP-SJ Bondad Stn,Global_G02,Global_G02_S02,,-0.40569999999999995,,,-0.40569999999999995,0.24937331999999984,0.24937331999999984,,,-0.9044466399999996,0.09304663999999974,-1.1538199599999994,0.3424199599999995,-1.4031932799999993,0.5917932799999994,OwnHistoryOnly,0,,False,False,,,,,0.0,,,,,,,,,0.0,No forward mark,balmo_transition,August 26-31,August 25,,,,,,,,,,,,,,,26,,No forward mark available.,No forward mark
TW-Blanco,Global_G02,Global_G02_S02,,-0.38500000000000023,,,-0.38500000000000023,0.2335095000000003,0.2335095000000003,,,-0.8520190000000007,0.08201900000000034,-1.085528500000001,0.31552850000000066,-1.3190380000000013,0.5490380000000009,OwnHistoryOnly,0,,False,False,,,,,0.0,,,,,,,,,0.0,No forward mark,balmo_transition,August 26-31,August 25,,,,,,,,,,,,,,,16,,No forward mark available.,No forward mark
Cheyenne,Global_G02,Global_G02_S03,,-0.40500000000000025,,,-0.40500000000000025,0.18532500000000066,0.18532500000000066,,,-0.7756500000000015,-0.03434999999999894,-0.9609750000000022,0.15097500000000175,-1.1463000000000028,0.3363000000000024,OwnHistoryOnly,0,,False,False,,,,,0.0,,,,,,,,,0.0,No forward mark,balmo_transition,August 26-31,August 25,,,,,,,,,,,,,,,26,,No forward mark available.,No forward mark
White River Hub,Global_G02,Global_G02_S03,,-0.3900000000000001,,,-0.3900000000000001,0.22609650000000012,0.22609650000000012,,,-0.8421930000000004,0.06219300000000011,-1.0682895000000006,0.2882895000000002,-1.2943860000000007,0.5143860000000003,OwnHistoryOnly,0,,False,False,,,,,0.0,,,,,,,,,0.0,No forward mark,balmo_transition,August 26-31,August 25,,,,,,,,,,,,,,,15,,No forward mark available.,No forward mark
KRGT-Del Pool,Global_G02,Global_G02_S04,,-0.02499999999999991,,,-0.02499999999999991,0.5745075,0.5745075,,,-1.1740149999999998,1.124015,-1.7485224999999998,1.6985225,-2.3230299999999997,2.27303,OwnHistoryOnly,0,,False,False,,,,,0.0,,,,,,,,,0.0,No forward mark,balmo_transition,August 26-31,August 25,,,,,,,,,,,,,,,20,,No forward mark available.,No forward mark
PG&E-Topock,Global_G02,Global_G02_S04,,-0.21494999999999997,,,-0.21494999999999997,0.41787080999999987,0.41787080999999987,,,-1.0506916199999998,0.6207916199999998,-1.4685624299999995,1.0386624299999996,-1.8864332399999995,1.4565332399999995,OwnHistoryOnly,0,,False,False,,,,,0.0,,,,,,,,,0.0,No forward mark,balmo_transition,August 26-31,August 25,,,,,,,,,,,,,,,12,,No forward mark available.,No forward mark
Eastern Gas-North,Global_G03,Global_G03_S01,,-0.7949999999999999,,,-0.7949999999999999,0.17049899999999998,0.17049899999999998,,,-1.1359979999999998,-0.45400199999999996,-1.3064969999999998,-0.28350299999999995,-1.4769959999999998,-0.113004,OwnHistoryOnly,0,,False,False,,,,,0.0,,,,,,,,,0.0,No forward mark,balmo_transition,August 26-31,August 25,,,,,,,,,,,,,,,22,,No forward mark available.,No forward mark
Leidy-Transco,Global_G03,Global_G03_S01,,-0.7324999999999999,,,-0.7324999999999999,0.21127049999999978,0.21127049999999978,,,-1.1550409999999995,-0.3099590000000004,-1.3663114999999992,-0.09868850000000062,-1.5775819999999992,0.11258199999999918,OwnHistoryOnly,0,,False,False,,,,,0.0,,,,,,,,,0.0,No forward mark,balmo_transition,August 26-31,August 25,,,,,,,,,,,,,,,13,,No forward mark available.,No forward mark
Millennium East Pool,Global_G03,Global_G03_S01,,-0.7974999999999999,,,-0.7974999999999999,0.2186835000000001,0.2186835000000001,,,-1.234867,-0.3601329999999997,-1.4535505000000002,-0.14144949999999956,-1.6722340000000002,0.07723400000000047,OwnHistoryOnly,0,,False,False,,,,,0.0,,,,,,,,,0.0,No forward mark,balmo_transition,August 26-31,August 25,,,,,,,,,,,,,,,13,,No forward mark available.,No forward mark
Rover (receipt),Global_G03,Global_G03_S01,,-0.7254499999999999,,,-0.7254499999999999,0.20963963999999993,0.20963963999999993,,,-1.1447292799999997,-0.30617072000000006,-1.3543689199999998,-0.0965310800000001,-1.5640085599999995,0.1131085599999998,OwnHistoryOnly,0,,False,False,,,,,0.0,,,,,,,,,0.0,No forward mark,balmo_transition,August 26-31,August 25,,,,,,,,,,,,,,,7,,No forward mark available.,No forward mark
TCO,Global_G03,Global_G03_S01,,-0.6749999999999998,,,-0.6749999999999998,0.15196650000000037,0.15196650000000037,,,-0.9789330000000005,-0.3710669999999991,-1.1308995000000008,-0.2191004999999987,-1.2828660000000012,-0.06713399999999836,OwnHistoryOnly,0,,False,False,,,,,0.0,,,,,,,,,0.0,No forward mark,balmo_transition,August 26-31,August 25,,,,,,,,,,,,,,,26,,No forward mark available.,No forward mark
TGP-Z4 Sta-219,Global_G03,Global_G03_S01,,-0.6749999999999998,,,-0.6749999999999998,0.20385750000000025,0.20385750000000025,,,-1.0827150000000003,-0.26728499999999933,-1.2865725000000006,-0.06342749999999908,-1.4904300000000008,0.14043000000000117,OwnHistoryOnly,0,,False,False,,,,,0.0,,,,,,,,,0.0,No forward mark,balmo_transition,August 26-31,August 25,,,,,,,,,,,,,,,13,,No forward mark available.,No forward mark
TGP-Z4 Sta-313,Global_G03,Global_G03_S01,,-0.7049999999999996,,,-0.7049999999999996,0.16308599999999948,0.16308599999999948,,,-1.0311719999999986,-0.37882800000000066,-1.194257999999998,-0.2157420000000012,-1.3573439999999977,-0.0526560000000017,OwnHistoryOnly,0,,False,False,,,,,0.0,,,,,,,,,0.0,No forward mark,balmo_transition,August 26-31,August 25,,,,,,,,,,,,,,,12,,No forward mark available.,No forward mark
TGP-Z4 300L,Global_G03,Global_G03_S02,,-0.8599999999999999,,,-0.8599999999999999,0.19273799999999983,0.19273799999999983,,,-1.2454759999999996,-0.4745240000000002,-1.4382139999999994,-0.2817860000000004,-1.6309519999999993,-0.08904800000000057,OwnHistoryOnly,0,,False,False,,,,,0.0,,,,,,,,,0.0,No forward mark,balmo_transition,August 26-31,August 25,,,,,,,,,,,,,,,19,,No forward mark available.,No forward mark
TGP-Z4 Marcellus,Global_G03,Global_G03_S02,,-0.8599999999999999,,,-0.8599999999999999,0.19273799999999983,0.19273799999999983,,,-1.2454759999999996,-0.4745240000000002,-1.4382139999999994,-0.2817860000000004,-1.6309519999999993,-0.08904800000000057,OwnHistoryOnly,0,,False,False,,,,,0.0,,,,,,,,,0.0,No forward mark,balmo_transition,August 26-31,August 25,,,,,,,,,,,,,,,19,,No forward mark available.,No forward mark
Eastern Gas-South,Global_G03,Global_G03_S03,,-0.795,,,-0.795,0.17049899999999998,0.17049899999999998,,,-1.135998,-0.45400200000000007,-1.306497,-0.28350300000000006,-1.476996,-0.1130040000000001,OwnHistoryOnly,0,,False,False,,,,,0.0,,,,,,,,,0.0,No forward mark,balmo_transition,August 26-31,August 25,,,,,,,,,,,,,,,26,,No forward mark available.,No forward mark
TETCO-M2 (receipt),Global_G03,Global_G03_S03,,-0.77,,,-0.77,0.18903149999999957,0.18903149999999957,,,-1.1480629999999992,-0.39193700000000087,-1.3370944999999987,-0.2029055000000013,-1.5261259999999983,-0.013874000000001718,OwnHistoryOnly,0,,False,False,,,,,0.0,,,,,,,,,0.0,No forward mark,balmo_transition,August 26-31,August 25,,,,,,,,,,,,,,,13,,No forward mark available.,No forward mark
CG-Mainline,Global_G04,Global_G04_S01,,-0.39749999999999974,,,-0.39749999999999974,0.07783649999999999,0.07783649999999999,,,-0.5531729999999997,-0.24182699999999976,-0.6310094999999998,-0.16399049999999976,-0.7088459999999996,-0.08615399999999979,OwnHistoryOnly,0,,False,False,,,,,0.0,,,,,,,,,0.0,No forward mark,balmo_transition,August 26-31,August 25,,,,,,,,,,,,,,,26,,No forward mark available.,No forward mark
Carthage,Global_G04,Global_G04_S01,,-0.3450000000000002,,,-0.3450000000000002,0.11490150000000018,0.11490150000000018,,,-0.5748030000000006,-0.11519699999999983,-0.6897045000000007,-0.000295499999999671,-0.8046060000000009,0.11460600000000054,OwnHistoryOnly,0,,False,False,,,,,0.0,,,,,,,,,0.0,No forward mark,balmo_transition,August 26-31,August 25,,,,,,,,,,,,,,,26,,No forward mark available.,No forward mark
EGT-Flex,Global_G04,Global_G04_S01,,-0.3171999999999997,,,-0.3171999999999997,0.17672591999999962,0.17672591999999962,,,-0.670651839999999,0.036251839999999536,-0.8473777599999985,0.21297775999999913,-1.0241036799999983,0.3897036799999988,OwnHistoryOnly,0,,False,False,,,,,0.0,,,,,,,,,0.0,No forward mark,balmo_transition,August 26-31,August 25,,,,,,,,,,,,,,,12,,No forward mark available.,No forward mark
Gulf S. Pool 16,Global_G04,Global_G04_S01,,-0.3599999999999999,,,-0.3599999999999999,0.14826000000000011,0.14826000000000011,,,-0.6565200000000001,-0.06347999999999965,-0.8047800000000003,0.08478000000000047,-0.9530400000000003,0.23304000000000058,OwnHistoryOnly,0,,False,False,,,,,0.0,,,,,,,,,0.0,No forward mark,balmo_transition,August 26-31,August 25,,,,,,,,,,,,,,,10,,No forward mark available.,No forward mark
Moss Bluff Inter,Global_G04,Global_G04_S01,,-0.26519999999999966,,,-0.26519999999999966,0.07450064999999986,0.07450064999999986,,,-0.4142012999999994,-0.11619869999999993,-0.4887019499999993,-0.04169805000000007,-0.5632025999999991,0.03280259999999979,OwnHistoryOnly,0,,False,False,,,,,0.0,,,,,,,,,0.0,No forward mark,balmo_transition,August 26-31,August 25,,,,,,,,,,,,,,,12,,No forward mark available.,No forward mark
TGT-Mainline,Global_G04,Global_G04_S01,,-0.31499999999999995,,,-0.31499999999999995,0.12231449999999969,0.12231449999999969,,,-0.5596289999999993,-0.07037100000000057,-0.681943499999999,0.05194349999999914,-0.8042579999999987,0.1742579999999988,OwnHistoryOnly,0,,False,False,,,,,0.0,,,,,,,,,0.0,No forward mark,balmo_transition,August 26-31,August 25,,,,,,,,,,,,,,,26,,No forward mark available.,No forward mark
Trunkline-Z1A,Global_G04,Global_G04_S01,,-0.3274999999999999,,,-0.3274999999999999,0.12231450000000002,0.12231450000000002,,,-0.5721289999999999,-0.08287099999999986,-0.6944435,0.03944350000000019,-0.816758,0.16175800000000018,OwnHistoryOnly,0,,False,False,,,,,0.0,,,,,,,,,0.0,No forward mark,balmo_transition,August 26-31,August 25,,,,,,,,,,,,,,,18,,No forward mark available.,No forward mark
Bennington,Global_G04,Global_G04_S02,,-0.27734999999999976,,,-0.27734999999999976,0.10808153999999962,0.10808153999999962,,,-0.493513079999999,-0.06118692000000053,-0.6015946199999986,0.04689461999999911,-0.7096761599999982,0.1549761599999987,OwnHistoryOnly,0,,False,False,,,,,0.0,,,,,,,,,0.0,No forward mark,balmo_transition,August 26-31,August 25,,,,,,,,,,,,,,,7,,No forward mark available.,No forward mark
MEP-Lamar,Global_G04,Global_G04_S02,,-0.2840999999999998,,,-0.2840999999999998,0.1153462799999998,0.1153462799999998,,,-0.5147925599999994,-0.053407440000000195,-0.6301388399999992,0.061938839999999606,-0.745485119999999,0.1772851199999994,OwnHistoryOnly,0,,False,False,,,,,0.0,,,,,,,,,0.0,No forward mark,balmo_transition,August 26-31,August 25,,,,,,,,,,,,,,,6,,No forward mark available.,No forward mark
NGPL-TXOK East,Global_G04,Global_G04_S02,,-0.3424999999999998,,,-0.3424999999999998,0.11490149999999985,0.11490149999999985,,,-0.5723029999999996,-0.1126970000000001,-0.6872044999999993,0.0022044999999997206,-0.8021059999999992,0.1171059999999996,OwnHistoryOnly,0,,False,False,,,,,0.0,,,,,,,,,0.0,No forward mark,balmo_transition,August 26-31,August 25,,,,,,,,,,,,,,,26,,No forward mark available.,No forward mark
Agua Dulce Hub,Global_G05,Global_G05_S01,,-0.46025000000000005,,,-0.46025000000000005,0.13751114999999983,0.13751114999999983,,,-0.7352722999999997,-0.18522770000000038,-0.8727834499999996,-0.047716550000000524,-1.0102945999999995,0.08979459999999928,OwnHistoryOnly,0,,False,False,,,,,0.0,,,,,,,,,0.0,No forward mark,balmo_transition,August 26-31,August 25,,,,,,,,,,,,,,,23,,No forward mark available.,No forward mark
TETCO-STX,Global_G05,Global_G05_S01,,-0.41999999999999993,,,-0.41999999999999993,0.13343400000000044,0.13343400000000044,,,-0.6868680000000008,-0.15313199999999905,-0.8203020000000012,-0.019697999999998606,-0.9537360000000017,0.11373600000000184,OwnHistoryOnly,0,,False,False,,,,,0.0,,,,,,,,,0.0,No forward mark,balmo_transition,August 26-31,August 25,,,,,,,,,,,,,,,26,,No forward mark available.,No forward mark
Transco-30,Global_G05,Global_G05_S01,,-0.4524999999999999,,,-0.4524999999999999,0.13343399999999978,0.13343399999999978,,,-0.7193679999999995,-0.18563200000000035,-0.8528019999999992,-0.05219800000000058,-0.986235999999999,0.0812359999999992,OwnHistoryOnly,0,,False,False,,,,,0.0,,,,,,,,,0.0,No forward mark,balmo_transition,August 26-31,August 25,,,,,,,,,,,,,,,26,,No forward mark available.,No forward mark
Tres Palacios (inj),Global_G05,Global_G05_S01,,-0.46205000000000007,,,-0.46205000000000007,0.12164733000000026,0.12164733000000026,,,-0.7053446600000006,-0.21875533999999955,-0.8269919900000009,-0.0971080099999993,-0.9486393200000012,0.024539320000000975,OwnHistoryOnly,0,,False,False,,,,,0.0,,,,,,,,,0.0,No forward mark,balmo_transition,August 26-31,August 25,,,,,,,,,,,,,,,9,,No forward mark available.,No forward mark
NGPL-STX,Global_G05,Global_G05_S02,,-0.44914999999999994,,,-0.44914999999999994,0.12105429,0.12105429,,,-0.69125858,-0.20704141999999995,-0.81231287,-0.08598712999999997,-0.93336716,0.03506716000000004,OwnHistoryOnly,0,,False,False,,,,,0.0,,,,,,,,,0.0,No forward mark,balmo_transition,August 26-31,August 25,,,,,,,,,,,,,,,26,,No forward mark available.,No forward mark
TGP-Z0 Border Pool,Global_G05,Global_G05_S02,,-0.44999999999999973,,,-0.44999999999999973,0.11119500000000092,0.11119500000000092,,,-0.6723900000000016,-0.2276099999999979,-0.7835850000000024,-0.116414999999997,-0.8947800000000035,-0.005219999999996061,OwnHistoryOnly,0,,False,False,,,,,0.0,,,,,,,,,0.0,No forward mark,balmo_transition,August 26-31,August 25,,,,,,,,,,,,,,,26,,No forward mark available.,No forward mark
TGP-Z0 South,Global_G05,Global_G05_S02,,-0.4563499999999998,,,-0.4563499999999998,0.10452330000000033,0.10452330000000033,,,-0.6653966000000004,-0.24730339999999915,-0.7699199000000008,-0.1427800999999988,-0.8744432000000011,-0.03825679999999848,OwnHistoryOnly,0,,False,False,,,,,0.0,,,,,,,,,0.0,No forward mark,balmo_transition,August 26-31,August 25,,,,,,,,,,,,,,,12,,No forward mark available.,No forward mark
ENT-STX Map,Global_G05,Global_G05_S03,,-0.4429999999999996,,,-0.4429999999999996,0.0975550800000011,0.0975550800000011,,,-0.6381101600000019,-0.24788983999999742,-0.7356652400000029,-0.15033475999999635,-0.833220320000004,-0.05277967999999522,OwnHistoryOnly,0,,False,False,,,,,0.0,,,,,,,,,0.0,No forward mark,balmo_transition,August 26-31,August 25,,,,,,,,,,,,,,,7,,No forward mark available.,No forward mark
TGP-Z0 North,Global_G05,Global_G05_S03,,-0.41845,,,-0.41845,0.10615415999999983,0.10615415999999983,,,-0.6307583199999997,-0.20614168000000033,-0.7369124799999995,-0.0999875200000005,-0.8430666399999993,0.006166639999999335,OwnHistoryOnly,0,,False,False,,,,,0.0,,,,,,,,,0.0,No forward mark,balmo_transition,August 26-31,August 25,,,,,,,,,,,,,,,11,,No forward mark available.,No forward mark
Transco-Z6 (non-NY north),Global_G06,Global_G06_S01,,-0.71,,,-0.71,0.19273799999999983,0.19273799999999983,,,-1.0954759999999997,-0.3245240000000003,-1.2882139999999995,-0.1317860000000005,-1.4809519999999994,0.06095199999999934,OwnHistoryOnly,0,,False,False,,,,,0.0,,,,,,,,,0.0,No forward mark,balmo_transition,August 26-31,August 25,,,,,,,,,,,,,,,11,,No forward mark available.,No forward mark
Transco-Z6 (non-NY south),Global_G06,Global_G06_S01,,-0.71,,,-0.71,0.19273799999999983,0.19273799999999983,,,-1.0954759999999997,-0.3245240000000003,-1.2882139999999995,-0.1317860000000005,-1.4809519999999994,0.06095199999999934,OwnHistoryOnly,0,,False,False,,,,,0.0,,,,,,,,,0.0,No forward mark,balmo_transition,August 26-31,August 25,,,,,,,,,,,,,,,26,,No forward mark available.,No forward mark
Transco-Z6 Sta-210,Global_G06,Global_G06_S01,,-0.7092,,,-0.7092,0.19525841999999988,0.19525841999999988,,,-1.0997168399999997,-0.3186831600000003,-1.2949752599999997,-0.12342474000000037,-1.4902336799999996,0.07183367999999946,OwnHistoryOnly,0,,False,False,,,,,0.0,,,,,,,,,0.0,No forward mark,balmo_transition,August 26-31,August 25,,,,,,,,,,,,,,,9,,No forward mark available.,No forward mark
Millennium-Ramapo,Global_G06,Global_G06_S02,,-0.7510000000000003,,,-0.7510000000000003,0.21082572000000047,0.21082572000000047,,,-1.1726514400000012,-0.3293485599999994,-1.3834771600000018,-0.11852283999999891,-1.594302880000002,0.09230288000000153,OwnHistoryOnly,0,,False,False,,,,,0.0,,,,,,,,,0.0,No forward mark,balmo_transition,August 26-31,August 25,,,,,,,,,,,,,,,8,,No forward mark available.,No forward mark
TETCO-M3,Global_G06,Global_G06_S02,,-0.685,,,-0.685,0.214977,0.214977,,,-1.114954,-0.25504600000000005,-1.3299310000000002,-0.04006900000000002,-1.544908,0.17490799999999995,OwnHistoryOnly,0,,False,False,,,,,0.0,,,,,,,,,0.0,No forward mark,balmo_transition,August 26-31,August 25,,,,,,,,,,,,,,,26,,No forward mark available.,No forward mark
TGP-Mahwah,Global_G06,Global_G06_S02,,-0.7531000000000003,,,-0.7531000000000003,0.21475461000000004,0.21475461000000004,,,-1.1826092200000005,-0.32359078000000024,-1.3973638300000004,-0.10883617000000023,-1.6121184400000006,0.10591843999999984,OwnHistoryOnly,0,,False,False,,,,,0.0,,,,,,,,,0.0,No forward mark,balmo_transition,August 26-31,August 25,,,,,,,,,,,,,,,8,,No forward mark available.,No forward mark
Transco-165,Global_G06,Global_G06_S03,,-0.6599999999999999,,,-0.6599999999999999,0.200151,0.200151,,,-1.0603019999999999,-0.25969799999999993,-1.260453,-0.059546999999999906,-1.460604,0.14060400000000006,OwnHistoryOnly,0,,False,False,,,,,0.0,,,,,,,,,0.0,No forward mark,balmo_transition,August 26-31,August 25,,,,,,,,,,,,,,,2,,No forward mark available.,No forward mark
Transco-Z5 North,Global_G06,Global_G06_S03,,-0.5825,,,-0.5825,0.18161850000000007,0.18161850000000007,,,-0.9457370000000002,-0.21926299999999987,-1.1273555000000002,-0.03764449999999986,-1.3089740000000003,0.14397400000000027,OwnHistoryOnly,0,,False,False,,,,,0.0,,,,,,,,,0.0,No forward mark,balmo_transition,August 26-31,August 25,,,,,,,,,,,,,,,10,,No forward mark available.,No forward mark
Transco-Z6 (NY),Global_G06,Global_G06_S04,,-0.645,,,-0.645,0.2335094999999998,0.2335094999999998,,,-1.1120189999999996,-0.17798100000000044,-1.3455284999999995,0.055528499999999315,-1.5790379999999993,0.28903799999999913,OwnHistoryOnly,0,,False,False,,,,,0.0,,,,,,,,,0.0,No forward mark,balmo_transition,August 26-31,August 25,,,,,,,,,,,,,,,26,,No forward mark available.,No forward mark
Iroquois (into),Global_G07,Global_G07_S01,,-0.21999999999999975,,,-0.21999999999999975,0.10007550000000016,0.10007550000000016,,,-0.42015100000000005,-0.019848999999999423,-0.5202265000000003,0.08022650000000076,-0.6203020000000004,0.1803020000000009,OwnHistoryOnly,0,,False,False,,,,,0.0,,,,,,,,,0.0,No forward mark,balmo_transition,August 26-31,August 25,,,,,,,,,,,,,,,26,,No forward mark available.,No forward mark
Iroquois-Z2,Global_G07,Global_G07_S01,,-0.125,,,-0.125,0.19273799999999983,0.19273799999999983,,,-0.5104759999999997,0.26047599999999965,-0.7032139999999995,0.45321399999999945,-0.8959519999999993,0.6459519999999993,OwnHistoryOnly,0,,False,False,,,,,0.0,,,,,,,,,0.0,No forward mark,balmo_transition,August 26-31,August 25,,,,,,,,,,,,,,,26,,No forward mark available.,No forward mark
PNGTS,Global_G07,Global_G07_S01,,0.1349999999999998,,,0.1349999999999998,0.35582399999999964,0.35582399999999964,,,-0.5766479999999995,0.8466479999999991,-0.9324719999999991,1.2024719999999987,-1.2882959999999988,1.5582959999999983,OwnHistoryOnly,0,,False,False,,,,,0.0,,,,,,,,,0.0,No forward mark,balmo_transition,August 26-31,August 25,,,,,,,,,,,,,,,12,,No forward mark available.,No forward mark
TGP-Z6 200L North,Global_G07,Global_G07_S01,,-0.3650000000000002,,,-0.3650000000000002,0.38176949999999976,0.38176949999999976,,,-1.1285389999999997,0.3985389999999993,-1.5103084999999994,0.780308499999999,-1.8920779999999993,1.1620779999999988,OwnHistoryOnly,0,,False,False,,,,,0.0,,,,,,,,,0.0,No forward mark,balmo_transition,August 26-31,August 25,,,,,,,,,,,,,,,7,,No forward mark available.,No forward mark
AGT-CG (non-G),Global_G07,Global_G07_S02,,-0.47250000000000014,,,-0.47250000000000014,0.49296449999999997,0.49296449999999997,,,-1.4584290000000002,0.5134289999999998,-1.9513935,1.0063934999999997,-2.4443580000000003,1.4993579999999997,OwnHistoryOnly,0,,False,False,,,,,0.0,,,,,,,,,0.0,No forward mark,balmo_transition,August 26-31,August 25,,,,,,,,,,,,,,,26,,No forward mark available.,No forward mark
TGP-Z6 200L South,Global_G07,Global_G07_S02,,-0.5025000000000002,,,-0.5025000000000002,0.41142149999999944,0.41142149999999944,,,-1.325342999999999,0.3203429999999987,-1.7367644999999985,0.7317644999999982,-2.148185999999998,1.1431859999999976,OwnHistoryOnly,0,,False,False,,,,,0.0,,,,,,,,,0.0,No forward mark,balmo_transition,August 26-31,August 25,,,,,,,,,,,,,,,7,,No forward mark available.,No forward mark
TGP-Z6 300L,Global_G07,Global_G07_S02,,-0.40500000000000025,,,-0.40500000000000025,0.385475999999999,0.385475999999999,,,-1.1759519999999983,0.3659519999999977,-1.5614279999999972,0.7514279999999967,-1.9469039999999962,1.1369039999999957,OwnHistoryOnly,0,,False,False,,,,,0.0,,,,,,,,,0.0,No forward mark,balmo_transition,August 26-31,August 25,,,,,,,,,,,,,,,26,,No forward mark available.,No forward mark
ANR-SW,Global_G08,Global_G08_S01,,-0.39749999999999996,,,-0.39749999999999996,0.14084700000000028,0.14084700000000028,,,-0.6791940000000005,-0.11580599999999941,-0.8200410000000008,0.025041000000000868,-0.9608880000000011,0.16588800000000115,OwnHistoryOnly,0,,False,False,,,,,0.0,,,,,,,,,0.0,No forward mark,balmo_transition,August 26-31,August 25,,,,,,,,,,,,,,,26,,No forward mark available.,No forward mark
Enable West Pool ,Global_G08,Global_G08_S01,,-0.3268,,,-0.3268,0.1168288800000003,0.1168288800000003,,,-0.5604577600000006,-0.09314223999999938,-0.6772866400000008,0.023686640000000925,-0.7941155200000012,0.14051552000000123,OwnHistoryOnly,0,,False,False,,,,,0.0,,,,,,,,,0.0,No forward mark,balmo_transition,August 26-31,August 25,,,,,,,,,,,,,,,12,,No forward mark available.,No forward mark
NGPL-Midcont Pool,Global_G08,Global_G08_S01,,-0.3799999999999999,,,-0.3799999999999999,0.12268515000000015,0.12268515000000015,,,-0.6253703000000002,-0.1346296999999996,-0.7480554500000003,-0.011944549999999443,-0.8707406000000004,0.11074060000000069,OwnHistoryOnly,0,,False,False,,,,,0.0,,,,,,,,,0.0,No forward mark,balmo_transition,August 26-31,August 25,,,,,,,,,,,,,,,26,,No forward mark available.,No forward mark
Southern Star,Global_G08,Global_G08_S01,,-0.3450000000000002,,,-0.3450000000000002,0.10007549999999983,0.10007549999999983,,,-0.5451509999999998,-0.14484900000000053,-0.6452264999999997,-0.04477350000000069,-0.7453019999999995,0.05530199999999913,OwnHistoryOnly,0,,False,False,,,,,0.0,,,,,,,,,0.0,No forward mark,balmo_transition,August 26-31,August 25,,,,,,,,,,,,,,,26,,No forward mark available.,No forward mark
OGT,Global_G08,Global_G08_S02,,-0.4569000000000001,,,-0.4569000000000001,0.20015099999999966,0.20015099999999966,,,-0.8572019999999994,-0.05659800000000076,-1.057352999999999,0.14355299999999893,-1.2575039999999986,0.34370399999999857,OwnHistoryOnly,0,,False,False,,,,,0.0,,,,,,,,,0.0,No forward mark,balmo_transition,August 26-31,August 25,,,,,,,,,,,,,,,12,,No forward mark available.,No forward mark
ONEOK Westex,Global_G08,Global_G08_S02,,-0.4624999999999999,,,-0.4624999999999999,0.20385750000000025,0.20385750000000025,,,-0.8702150000000004,-0.05478499999999942,-1.0740725000000007,0.14907250000000083,-1.277930000000001,0.3529300000000011,OwnHistoryOnly,0,,False,False,,,,,0.0,,,,,,,,,0.0,No forward mark,balmo_transition,August 26-31,August 25,,,,,,,,,,,,,,,26,,No forward mark available.,No forward mark
ANR-SE-T,Global_G09,Global_G09_S01,,-0.2650000000000001,,,-0.2650000000000001,0.0926625,0.0926625,,,-0.4503250000000001,-0.07967500000000013,-0.5429875000000002,0.012987499999999874,-0.63565,0.10564999999999986,OwnHistoryOnly,0,,False,False,,,,,0.0,,,,,,,,,0.0,No forward mark,balmo_transition,August 26-31,August 25,,,,,,,,,,,,,,,26,,No forward mark available.,No forward mark
CG-Onshore,Global_G09,Global_G09_S01,,-0.2749999999999999,,,-0.2749999999999999,0.0926625,0.0926625,,,-0.4603249999999999,-0.08967499999999992,-0.5529875,0.0029875000000000873,-0.6456499999999998,0.09565000000000007,OwnHistoryOnly,0,,False,False,,,,,0.0,,,,,,,,,0.0,No forward mark,balmo_transition,August 26-31,August 25,,,,,,,,,,,,,,,26,,No forward mark available.,No forward mark
Pine Prairie,Global_G09,Global_G09_S01,,-0.2450000000000001,,,-0.2450000000000001,0.10007549999999983,0.10007549999999983,,,-0.44515099999999974,-0.044849000000000444,-0.5452264999999996,0.0552264999999994,-0.6453019999999994,0.15530199999999922,OwnHistoryOnly,0,,False,False,,,,,0.0,,,,,,,,,0.0,No forward mark,balmo_transition,August 26-31,August 25,,,,,,,,,,,,,,,12,,No forward mark available.,No forward mark
TETCO-WLA,Global_G09,Global_G09_S01,,-0.2749999999999999,,,-0.2749999999999999,0.0926625,0.0926625,,,-0.4603249999999999,-0.08967499999999992,-0.5529875,0.0029875000000000873,-0.6456499999999998,0.09565000000000007,OwnHistoryOnly,0,,False,False,,,,,0.0,,,,,,,,,0.0,No forward mark,balmo_transition,August 26-31,August 25,,,,,,,,,,,,,,,26,,No forward mark available.,No forward mark
TGP-800L,Global_G09,Global_G09_S01,,-0.33999999999999986,,,-0.33999999999999986,0.12231450000000002,0.12231450000000002,,,-0.5846289999999998,-0.09537099999999982,-0.7069435,0.02694350000000023,-0.8292579999999999,0.14925800000000022,OwnHistoryOnly,0,,False,False,,,,,0.0,,,,,,,,,0.0,No forward mark,balmo_transition,August 26-31,August 25,,,,,,,,,,,,,,,26,,No forward mark available.,No forward mark
Transco-45,Global_G09,Global_G09_S01,,-0.2749999999999999,,,-0.2749999999999999,0.09636899999999991,0.09636899999999991,,,-0.46773799999999977,-0.08226200000000009,-0.5641069999999997,0.014106999999999814,-0.6604759999999996,0.11047599999999974,OwnHistoryOnly,0,,False,False,,,,,0.0,,,,,,,,,0.0,No forward mark,balmo_transition,August 26-31,August 25,,,,,,,,,,,,,,,26,,No forward mark available.,No forward mark
Socal-Border,Global_G10,Global_G10_S01,,-0.004999999999999893,,,-0.004999999999999893,0.615279,0.615279,,,-1.235558,1.2255580000000001,-1.8508369999999998,1.840837,-2.466116,2.456116,OwnHistoryOnly,0,,False,False,,,,,0.0,,,,,,,,,0.0,No forward mark,balmo_transition,August 26-31,August 25,,,,,,,,,,,,,,,26,,No forward mark available.,No forward mark
Socal-Citygate,Global_G10,Global_G10_S01,,0.8900000000000001,,,0.8900000000000001,0.5670944999999997,0.5670944999999997,,,-0.24418899999999932,2.024189,-0.8112834999999992,2.5912834999999994,-1.3783779999999988,3.158377999999999,OwnHistoryOnly,0,,False,False,,,,,0.0,,,,,,,,,0.0,No forward mark,balmo_transition,August 26-31,August 25,,,,,,,,,,,,,,,17,,No forward mark available.,No forward mark
Socal-Needles,Global_G10,Global_G10_S01,,-0.006599999999999717,,,-0.006599999999999717,0.5794742099999995,0.5794742099999995,,,-1.1655484199999988,1.1523484199999994,-1.7450226299999985,1.731822629999999,-2.324496839999998,2.3112968399999985,OwnHistoryOnly,0,,False,False,,,,,0.0,,,,,,,,,0.0,No forward mark,balmo_transition,August 26-31,August 25,,,,,,,,,,,,,,,11,,No forward mark available.,No forward mark
EP-S.Mainline,Global_G10,Global_G10_S02,,0.025000000000000133,,,0.025000000000000133,0.659757,0.659757,,,-1.294514,1.3445140000000002,-1.954271,2.004271,-2.6140280000000002,2.664028,OwnHistoryOnly,0,,False,False,,,,,0.0,,,,,,,,,0.0,No forward mark,balmo_transition,August 26-31,August 25,,,,,,,,,,,,,,,18,,No forward mark available.,No forward mark
Socal-Ehrenberg,Global_G10,Global_G10_S02,,0.01100000000000012,,,0.01100000000000012,0.69697026,0.69697026,,,-1.3829405199999998,1.40494052,-2.0799107799999996,2.10191078,-2.7768810399999997,2.79888104,OwnHistoryOnly,0,,False,False,,,,,0.0,,,,,,,,,0.0,No forward mark,balmo_transition,August 26-31,August 25,,,,,,,,,,,,,,,12,,No forward mark available.,No forward mark
FGT-Z3,Global_G11,Global_G11_S01,,0.8850000000000002,,,0.8850000000000002,0.22238999999999987,0.22238999999999987,,,0.4402200000000005,1.32978,0.21783000000000063,1.5521699999999998,-0.004559999999999231,1.7745599999999997,OwnHistoryOnly,0,,False,False,,,,,0.0,,,,,,,,,0.0,No forward mark,balmo_transition,August 26-31,August 25,,,,,,,,,,,,,,,26,,No forward mark available.,No forward mark
TGP-500L,Global_G11,Global_G11_S01,,0.7450000000000001,,,0.7450000000000001,0.24833549999999996,0.24833549999999996,,,0.2483290000000002,1.241671,-6.499999999798334e-06,1.4900065,-0.24834199999999973,1.7383419999999998,OwnHistoryOnly,0,,False,False,,,,,0.0,,,,,,,,,0.0,No forward mark,balmo_transition,August 26-31,August 25,,,,,,,,,,,,,,,26,,No forward mark available.,No forward mark
Transco-Z5 South,Global_G11,Global_G11_S01,,0.9099999999999999,,,0.9099999999999999,0.2965199999999999,0.2965199999999999,,,0.31696000000000013,1.5030399999999997,0.020440000000000236,1.7995599999999996,-0.27607999999999966,2.0960799999999997,OwnHistoryOnly,0,,False,False,,,,,0.0,,,,,,,,,0.0,No forward mark,balmo_transition,August 26-31,August 25,,,,,,,,,,,,,,,10,,No forward mark available.,No forward mark
Sonat-Z0 South,Global_G11,Global_G11_S02,,0.7599999999999998,,,0.7599999999999998,0.2298029999999997,0.2298029999999997,,,0.3003940000000004,1.2196059999999993,0.07059100000000074,1.4494089999999988,-0.15921199999999902,1.6792119999999986,OwnHistoryOnly,0,,False,False,,,,,0.0,,,,,,,,,0.0,No forward mark,balmo_transition,August 26-31,August 25,,,,,,,,,,,,,,,26,,No forward mark available.,No forward mark
Atmos Zone 3,Global_G12,Global_G12_S01,,-0.44320000000000004,,,-0.44320000000000004,0.18599217000000007,0.18599217000000007,,,-0.8151843400000002,-0.0712156599999999,-1.0011765100000003,0.11477651000000022,-1.1871686800000003,0.30076868000000023,OwnHistoryOnly,0,,False,False,,,,,0.0,,,,,,,,,0.0,No forward mark,balmo_transition,August 26-31,August 25,,,,,,,,,,,,,,,12,,No forward mark available.,No forward mark
Nortex-Tolar Hub,Global_G12,Global_G12_S01,,-0.4276500000000001,,,-0.4276500000000001,0.16694076000000005,0.16694076000000005,,,-0.7615315200000001,-0.09376847999999999,-0.9284722800000003,0.07317228000000009,-1.0954130400000004,0.2401130400000001,OwnHistoryOnly,0,,False,False,,,,,0.0,,,,,,,,,0.0,No forward mark,balmo_transition,August 26-31,August 25,,,,,,,,,,,,,,,12,,No forward mark available.,No forward mark
TETCO-ETX,Global_G12,Global_G12_S02,,-0.35750000000000015,,,-0.35750000000000015,0.15196650000000003,0.15196650000000003,,,-0.6614330000000002,-0.05356700000000009,-0.8133995000000003,0.09839949999999997,-0.9653660000000003,0.250366,OwnHistoryOnly,0,,False,False,,,,,0.0,,,,,,,,,0.0,No forward mark,balmo_transition,August 26-31,August 25,,,,,,,,,,,,,,,26,,No forward mark available.,No forward mark
Tres Palacios (w/d),Global_G12,Global_G12_S02,,-0.36850000000000005,,,-0.36850000000000005,0.1074885,0.1074885,,,-0.583477,-0.15352300000000005,-0.6909655000000001,-0.046034500000000034,-0.798454,0.06145399999999995,OwnHistoryOnly,0,,False,False,,,,,0.0,,,,,,,,,0.0,No forward mark,balmo_transition,August 26-31,August 25,,,,,,,,,,,,,,,12,,No forward mark available.,No forward mark
HSC-HPL Pool,Global_G13,Global_G13_S01,,-0.44500000000000006,,,-0.44500000000000006,0.09636900000000025,0.09636900000000025,,,-0.6377380000000006,-0.25226199999999954,-0.7341070000000007,-0.15589299999999934,-0.8304760000000011,-0.05952399999999908,OwnHistoryOnly,0,,False,False,,,,,0.0,,,,,,,,,0.0,No forward mark,balmo_transition,August 26-31,August 25,,,,,,,,,,,,,,,26,,No forward mark available.,No forward mark
Katy-Enstor Pool,Global_G13,Global_G13_S01,,-0.42349999999999977,,,-0.42349999999999977,0.10363374000000077,0.10363374000000077,,,-0.6307674800000013,-0.21623251999999824,-0.7344012200000021,-0.11259877999999746,-0.8380349600000028,-0.008965039999996705,OwnHistoryOnly,0,,False,False,,,,,0.0,,,,,,,,,0.0,No forward mark,balmo_transition,August 26-31,August 25,,,,,,,,,,,,,,,12,,No forward mark available.,No forward mark
Katy-Lonestar Inter,Global_G13,Global_G13_S01,,-0.43654999999999977,,,-0.43654999999999977,0.1126776000000001,0.1126776000000001,,,-0.6619052,-0.21119479999999957,-0.7745828000000001,-0.09851719999999947,-0.8872604000000002,0.014160400000000628,OwnHistoryOnly,0,,False,False,,,,,0.0,,,,,,,,,0.0,No forward mark,balmo_transition,August 26-31,August 25,,,,,,,,,,,,,,,12,,No forward mark available.,No forward mark
Katy-Oasis,Global_G13,Global_G13_S01,,-0.4305000000000001,,,-0.4305000000000001,0.11608758000000037,0.11608758000000037,,,-0.6626751600000008,-0.19832483999999936,-0.7787627400000012,-0.08223725999999898,-0.8948503200000015,0.03385032000000138,OwnHistoryOnly,0,,False,False,,,,,0.0,,,,,,,,,0.0,No forward mark,balmo_transition,August 26-31,August 25,,,,,,,,,,,,,,,11,,No forward mark available.,No forward mark
AB Pool (inter),Global_G14,Global_G14_S01,,-0.9077500000000001,,,-0.9077500000000001,0.40452741000000036,0.40452741000000036,,,-1.7168048200000008,-0.09869517999999933,-2.121332230000001,0.3058322300000009,-2.5258596400000015,0.7103596400000014,OwnHistoryOnly,0,,False,False,,,,,0.0,,,,,,,,,0.0,No forward mark,balmo_transition,August 26-31,August 25,,,,,,,,,,,,,,,4,,No forward mark available.,No forward mark
EP-Keystone,Global_G14,Global_G14_S01,,-0.9135500000000001,,,-0.9135500000000001,0.4197240600000002,0.4197240600000002,,,-1.7529981200000004,-0.07410187999999973,-2.172722180000001,0.34562218000000056,-2.592446240000001,0.7653462400000006,OwnHistoryOnly,0,,False,False,,,,,0.0,,,,,,,,,0.0,No forward mark,balmo_transition,August 26-31,August 25,,,,,,,,,,,,,,,12,,No forward mark available.,No forward mark
TW-WTX,Global_G14,Global_G14_S01,,-1.0002499999999999,,,-1.0002499999999999,0.4262474999999998,0.4262474999999998,,,-1.8527449999999994,-0.1477550000000003,-2.2789924999999993,0.2784924999999996,-2.705239999999999,0.7047399999999993,OwnHistoryOnly,0,,False,False,,,,,0.0,,,,,,,,,0.0,No forward mark,balmo_transition,August 26-31,August 25,,,,,,,,,,,,,,,12,,No forward mark available.,No forward mark
EP-Waha Pool,Global_G15,Global_G15_S01,,-0.8855,,,-0.8855,0.355824,0.355824,,,-1.5971479999999998,-0.173852,-1.952972,0.18197200000000002,-2.308796,0.5377959999999999,OwnHistoryOnly,0,,False,False,,,,,0.0,,,,,,,,,0.0,No forward mark,balmo_transition,August 26-31,August 25,,,,,,,,,,,,,,,12,,No forward mark available.,No forward mark
TW-Panhandle,Global_G15,Global_G15_S01,,-0.9599999999999997,,,-0.9599999999999997,0.3780630000000005,0.3780630000000005,,,-1.7161260000000007,-0.20387399999999878,-2.094189000000001,0.1741890000000017,-2.472252000000002,0.5522520000000022,OwnHistoryOnly,0,,False,False,,,,,0.0,,,,,,,,,0.0,No forward mark,balmo_transition,August 26-31,August 25,,,,,,,,,,,,,,,26,,No forward mark available.,No forward mark
Waha,Global_G15,Global_G15_S01,,-0.8899999999999999,,,-0.8899999999999999,0.3261720000000003,0.3261720000000003,,,-1.5423440000000004,-0.2376559999999993,-1.8685160000000007,0.08851600000000093,-2.194688000000001,0.4146880000000013,OwnHistoryOnly,0,,False,False,,,,,0.0,,,,,,,,,0.0,No forward mark,balmo_transition,August 26-31,August 25,,,,,,,,,,,,,,,26,,No forward mark available.,No forward mark
TETCO-ELA,Global_G16,Global_G16_S01,,-0.2749999999999999,,,-0.2749999999999999,0.10378200000000042,0.10378200000000042,,,-0.48256400000000077,-0.06743599999999908,-0.5863460000000011,0.03634600000000132,-0.6901280000000016,0.14012800000000175,OwnHistoryOnly,0,,False,False,,,,,0.0,,,,,,,,,0.0,No forward mark,balmo_transition,August 26-31,August 25,,,,,,,,,,,,,,,26,,No forward mark available.,No forward mark
TETCO-M1 24,Global_G16,Global_G16_S01,,-0.29275000000000007,,,-0.29275000000000007,0.10711784999999989,0.10711784999999989,,,-0.5069856999999999,-0.07851430000000029,-0.6141035499999997,0.02860354999999959,-0.7212213999999997,0.1357213999999995,OwnHistoryOnly,0,,False,False,,,,,0.0,,,,,,,,,0.0,No forward mark,balmo_transition,August 26-31,August 25,,,,,,,,,,,,,,,17,,No forward mark available.,No forward mark
TETCO-M1 30,Global_G16,Global_G16_S01,,-0.23500000000000032,,,-0.23500000000000032,0.13714049999999936,0.13714049999999936,,,-0.509280999999999,0.0392809999999984,-0.6464214999999984,0.1764214999999978,-0.7835619999999978,0.3135619999999971,OwnHistoryOnly,0,,False,False,,,,,0.0,,,,,,,,,0.0,No forward mark,balmo_transition,August 26-31,August 25,,,,,,,,,,,,,,,25,,No forward mark available.,No forward mark
GTN-Malin,Global_G17,Global_G17_S01,,-0.25519999999999987,,,-0.25519999999999987,0.35508269999999936,0.35508269999999936,,,-0.9653653999999986,0.45496539999999885,-1.320448099999998,0.8100480999999982,-1.6755307999999973,1.1651307999999976,OwnHistoryOnly,0,,False,False,,,,,0.0,,,,,,,,,0.0,No forward mark,balmo_transition,August 26-31,August 25,,,,,,,,,,,,,,,12,,No forward mark available.,No forward mark
PG&E-Citygate,Global_G17,Global_G17_S01,,0.20750000000000024,,,0.20750000000000024,0.5226165,0.5226165,,,-0.8377329999999998,1.2527330000000003,-1.3603494999999999,1.7753495000000004,-1.882966,2.2979660000000006,OwnHistoryOnly,0,,False,False,,,,,0.0,,,,,,,,,0.0,No forward mark,balmo_transition,August 26-31,August 25,,,,,,,,,,,,,,,26,,No forward mark available.,No forward mark
Transco Zn3,Global_G18,Global_G18_S01,,0.31499999999999995,,,0.31499999999999995,0.14084700000000028,0.14084700000000028,,,0.03330599999999939,0.5966940000000005,-0.10754100000000089,0.7375410000000008,-0.24838800000000116,0.8783880000000011,OwnHistoryOnly,0,,False,False,,,,,0.0,,,,,,,,,0.0,No forward mark,balmo_transition,August 26-31,August 25,,,,,,,,,,,,,,,26,,No forward mark available.,No forward mark
Transco-65,Global_G18,Global_G18_S01,,0.7749999999999999,,,0.7749999999999999,0.18903149999999957,0.18903149999999957,,,0.39693700000000076,1.153062999999999,0.2079055000000012,1.3420944999999986,0.01887400000000161,1.5311259999999982,OwnHistoryOnly,0,,False,False,,,,,0.0,,,,,,,,,0.0,No forward mark,balmo_transition,August 26-31,August 25,,,,,,,,,,,,,,,12,,No forward mark available.,No forward mark
EP-Plains Pool,Global_OUTLIER,Global_OUTLIER_S01,,-0.8542000000000001,,,-0.8542000000000001,0.39540941999999973,0.39540941999999973,,,-1.6450188399999996,-0.0633811600000006,-2.040428259999999,0.3320282599999991,-2.435837679999999,0.7274376799999989,OwnHistoryOnly,0,,False,False,,,,,0.0,,,,,,,,,0.0,No forward mark,balmo_transition,August 26-31,August 25,,,,,,,,,,,,,,,9,,No forward mark available.,No forward mark
FGT-CG,Global_OUTLIER,Global_OUTLIER_S02,,1.8050000000000002,,,1.8050000000000002,0.3632369999999995,0.3632369999999995,,,1.0785260000000012,2.5314739999999993,0.7152890000000016,2.8947109999999987,0.35205200000000225,3.257947999999998,OwnHistoryOnly,0,,False,False,,,,,0.0,,,,,,,,,0.0,No forward mark,balmo_transition,August 26-31,August 25,,,,,,,,,,,,,,,26,,No forward mark available.,No forward mark
GTN-Kingsgate,Global_OUTLIER,Global_OUTLIER_S03,,-1.5750000000000002,,,-1.5750000000000002,0.22980300000000004,0.22980300000000004,,,-2.034606,-1.1153940000000002,-2.2644090000000006,-0.885591,-2.494212,-0.655788,OwnHistoryOnly,0,,False,False,,,,,0.0,,,,,,,,,0.0,No forward mark,balmo_transition,August 26-31,August 25,,,,,,,,,,,,,,,26,,No forward mark available.,No forward mark
GTN-Stanfield,Global_OUTLIER,Global_OUTLIER_S04,,-0.27749999999999986,,,-0.27749999999999986,0.36694349999999976,0.36694349999999976,,,-1.0113869999999994,0.45638699999999965,-1.3783304999999992,0.8233304999999995,-1.7452739999999989,1.1902739999999992,OwnHistoryOnly,0,,False,False,,,,,0.0,,,,,,,,,0.0,No forward mark,balmo_transition,August 26-31,August 25,,,,,,,,,,,,,,,26,,No forward mark available.,No forward mark
NWP-Sumas,Global_OUTLIER,Global_OUTLIER_S05,,-0.33000000000000007,,,-0.33000000000000007,0.3780629999999998,0.3780629999999998,,,-1.0861259999999997,0.42612599999999956,-1.4641889999999995,0.8041889999999994,-1.8422519999999993,1.1822519999999992,OwnHistoryOnly,0,,False,False,,,,,0.0,,,,,,,,,0.0,No forward mark,balmo_transition,August 26-31,August 25,,,,,,,,,,,,,,,26,,No forward mark available.,No forward mark
REX-Z3 (receipt) ,Global_OUTLIER,Global_OUTLIER_S06,,-0.6334000000000002,,,-0.6334000000000002,0.2080829099999993,0.2080829099999993,,,-1.0495658199999989,-0.2172341800000016,-1.257648729999998,-0.009151270000002265,-1.4657316399999973,0.19893163999999697,OwnHistoryOnly,0,,False,False,,,,,0.0,,,,,,,,,0.0,No forward mark,balmo_transition,August 26-31,August 25,,,,,,,,,,,,,,,7,,No forward mark available.,No forward mark
Transco-Z5,Global_OUTLIER,Global_OUTLIER_S07,,0.565,,,0.565,0.30393299999999945,0.30393299999999945,,,-0.04286599999999896,1.1728659999999989,-0.3467989999999984,1.4767989999999984,-0.6507319999999979,1.7807319999999978,OwnHistoryOnly,0,,False,False,,,,,0.0,,,,,,,,,0.0,No forward mark,balmo_transition,August 26-31,August 25,,,,,,,,,,,,,,,26,,No forward mark available.,No forward mark
