Date,State_A,State_B,GEOID_A,GEOID_B,Comp_A,Comp_B,Spread_Abs,N_score,W_score,P_score,Tension_Score,Data_Quality_Flag
2026-08-16,IL,IL,IL|COOK,IL|WILL,NGPL-NICOR,ANR-Joliet Hub,0.115,,,,,Missing_N
2026-08-16,IL,IN,IL|COOK,IN|LAKE,NGPL-NICOR,ANR-Joliet Hub,0.115,,,,,Missing_N
2026-08-16,IL,IL,IL|DEKALB,IL|KENDALL,NGPL-NICOR,ANR-Joliet Hub,0.115,,,85.4696,,Missing_N
2026-08-16,IL,IL,IL|DOUGLAS,IL|EDGAR,REX E-Trunk,REX E-MidW,0.0076,,,85.4696,,Missing_N
2026-08-16,IL,IL,IL|DOUGLAS,IL|MOULTRIE,REX E-Trunk,REX E-NGPL,0.0053,,,85.4696,,Missing_N
2026-08-16,IL,IL,IL|DOUGLAS,IL|PIATT,REX E-Trunk,NGPL-NICOR,0.025,,,85.4696,,Missing_N
2026-08-16,IL,IL,IL|DUPAGE,IL|KENDALL,NGPL-NICOR,ANR-Joliet Hub,0.115,,,85.4696,,Missing_N
2026-08-16,IL,IL,IL|DUPAGE,IL|WILL,NGPL-NICOR,ANR-Joliet Hub,0.115,,,,,Missing_N
2026-08-16,IL,IN,IL|EDGAR,IN|VERMILLION,REX E-MidW,TETCO-M2 (receipt),0.74,59.0741,,85.4696,70,Imputed_W
2026-08-16,IL,IL,IL|GRUNDY,IL|KENDALL,NGPL-NICOR,ANR-Joliet Hub,0.115,,,85.4696,,Missing_N
2026-08-16,IL,IL,IL|GRUNDY,IL|WILL,NGPL-NICOR,ANR-Joliet Hub,0.115,,,,,Missing_N
2026-08-16,IL,IL,IL|KANKAKEE,IL|WILL,NGPL-NICOR,ANR-Joliet Hub,0.115,,,85.4696,,Missing_N
2026-08-16,IL,IN,IL|KANKAKEE,IN|LAKE,NGPL-NICOR,ANR-Joliet Hub,0.115,,,85.4696,,Missing_N
2026-08-16,IL,IL,IL|KENDALL,IL|LASALLE,ANR-Joliet Hub,NGPL-NICOR,0.115,,,85.4696,,Missing_N
2026-08-16,IL,IL,IL|MOULTRIE,IL|PIATT,REX E-NGPL,NGPL-NICOR,0.0374,36.6667,,85.4696,53,Imputed_W
2026-08-16,IL,IN,IL|WHITE,IN|GIBSON,TETCO-M1 24,TETCO-M2 (receipt),0.76,61.8386,,85.4696,72,Imputed_W
2026-08-16,IL,IN,IL|WHITE,IN|POSEY,TETCO-M1 24,TETCO-M2 (receipt),0.76,61.8386,,85.4696,72,Imputed_W
2026-08-16,IN,IN,IN|DECATUR,IN|SHELBY,TETCO-M2 (receipt),REX E-ANR,0.7052,60.3175,,,60,Imputed_WP
2026-08-16,KS,KS,KS|BARBER,KS|COMANCHE,Panhandle,ANR-SW,0.09,74.0079,24.4618,,61,Imputed_P
2026-08-16,KS,OK,KS|BARBER,OK|ALFALFA,Panhandle,southern star,0.085,65.1323,24.4618,,55,Imputed_P
2026-08-16,KS,OK,KS|COMANCHE,OK|WOODS,ANR-SW,Panhandle,0.09,74.0079,24.4618,,61,Imputed_P
2026-08-16,KS,KS,KS|HARPER,KS|SUMNER,Panhandle,EGT-West,3.15,77.0012,24.4618,,64,Imputed_P
2026-08-16,KS,OK,KS|HARPER,OK|ALFALFA,Panhandle,southern star,0.085,65.1323,24.4618,,55,Imputed_P
2026-08-16,KS,OK,KS|HARPER,OK|GRANT,Panhandle,EGT-West,3.15,77.0012,24.4618,,64,Imputed_P
2026-08-16,KS,KS,KS|KINGMAN,KS|SUMNER,Panhandle,EGT-West,3.15,77.0012,24.4618,,64,Imputed_P
2026-08-16,LA,LA,LA|ACADIA,LA|EVANGELINE,TGT-SL,Pine Prairie,0.0798,44.1931,,,44,Imputed_WP
2026-08-16,LA,LA,LA|ACADIA,LA|VERMILION,TGT-SL,Henry,0.3098,57.3413,,,57,Imputed_WP
2026-08-16,LA,LA,LA|ALLEN,LA|EVANGELINE,TETCO-WLA,Pine Prairie,0.045,50.9921,,,51,Imputed_WP
2026-08-16,LA,LA,LA|ALLEN,LA|JEFFERSON DAVIS,TETCO-WLA,TGT-SL,0.0348,25.873,,,26,Imputed_WP
2026-08-16,LA,LA,LA|ALLEN,LA|RAPIDES,TETCO-WLA,Pine Prairie,0.045,50.9921,,,51,Imputed_WP
2026-08-16,LA,LA,LA|ASCENSION,LA|EAST BATON ROUGE,Sonat-Z0 South,FGT-Z2,0.51,,,,,Missing_N
2026-08-16,LA,LA,LA|ASCENSION,LA|IBERVILLE,Sonat-Z0 South,TETCO-ELA,2.365,78.2672,,,78,Imputed_WP
2026-08-16,LA,LA,LA|ASCENSION,LA|ST JAMES,Sonat-Z0 South,Transco-65,1.395,79.1534,,,79,Imputed_WP
2026-08-16,LA,LA,LA|BEAUREGARD,LA|CALCASIEU,TETCO-WLA,Transco-45,0.005,18.5053,,,19,Imputed_WP
2026-08-16,LA,LA,LA|BEAUREGARD,LA|JEFFERSON DAVIS,TETCO-WLA,TGT-SL,0.0348,25.873,,,26,Imputed_WP
2026-08-16,LA,LA,LA|BIENVILLE,LA|BOSSIER,TETCO-ETX,TGT-Mainline,0.0,15.2778,,,15,Imputed_WP
2026-08-16,LA,LA,LA|BIENVILLE,LA|CLAIBORNE,TETCO-ETX,TGT-Mainline,0.0,15.2778,,,15,Imputed_WP
2026-08-16,LA,LA,LA|BIENVILLE,LA|JACKSON,TETCO-ETX,TGP-Z0 North,0.1239,54.0079,,,54,Imputed_WP
2026-08-16,LA,LA,LA|BIENVILLE,LA|NATCHITOCHES,TETCO-ETX,TGP-Z0 North,0.1239,54.0079,,,54,Imputed_WP
2026-08-16,LA,LA,LA|BIENVILLE,LA|WEBSTER,TETCO-ETX,TGT-Mainline,0.0,15.2778,,,15,Imputed_WP
2026-08-16,LA,LA,LA|CADDO,LA|DE SOTO,TGT-Mainline,TETCO-ETX,0.0,15.2778,,,15,Imputed_WP
2026-08-16,LA,TX,LA|CADDO,TX|CASS,TGT-Mainline,NGPL-TXOK East,0.0,13.8757,2.7397,,11,Imputed_P
2026-08-16,LA,TX,LA|CADDO,TX|HARRISON,TGT-Mainline,NGPL-TXOK East,0.0,13.8757,2.7397,,11,Imputed_P
2026-08-16,LA,TX,LA|CADDO,TX|MARION,TGT-Mainline,EGT-South,0.0382,,2.7397,,,Missing_N
2026-08-16,LA,TX,LA|CADDO,TX|PANOLA,TGT-Mainline,Carthage,0.015,36.2037,2.7397,,27,Imputed_P
2026-08-16,LA,LA,LA|CALCASIEU,LA|CAMERON,Transco-45,ANR-SE-T,0.03,27.381,,,27,Imputed_WP
2026-08-16,LA,LA,LA|CALCASIEU,LA|JEFFERSON DAVIS,Transco-45,TGT-SL,0.0298,28.082,,,28,Imputed_WP
2026-08-16,LA,TX,LA|CALCASIEU,TX|NEWTON,Transco-45,TETCO-WLA,0.005,18.5053,2.7397,,14,Imputed_P
2026-08-16,LA,TX,LA|CALCASIEU,TX|ORANGE,Transco-45,Golden Triangle,0.015,,2.7397,,,Missing_N
2026-08-16,LA,LA,LA|CALDWELL,LA|FRANKLIN,TGT-Mainline,CG-Mainline,0.1,76.045,,,76,Imputed_WP
2026-08-16,LA,LA,LA|CALDWELL,LA|JACKSON,TGT-Mainline,TGP-Z0 North,0.1239,39.7487,,,40,Imputed_WP
2026-08-16,LA,LA,LA|CALDWELL,LA|RICHLAND,TGT-Mainline,CG-Mainline,0.1,76.045,,,76,Imputed_WP
2026-08-16,LA,LA,LA|CAMERON,LA|JEFFERSON DAVIS,ANR-SE-T,TGT-SL,0.0598,37.1561,,,37,Imputed_WP
2026-08-16,LA,LA,LA|CAMERON,LA|VERMILION,ANR-SE-T,Henry,0.25,56.3624,,,56,Imputed_WP
2026-08-16,LA,TX,LA|CAMERON,TX|JEFFERSON,ANR-SE-T,Golden Triangle,0.045,,2.7397,,,Missing_N
2026-08-16,LA,TX,LA|CAMERON,TX|ORANGE,ANR-SE-T,Golden Triangle,0.045,,2.7397,,,Missing_N
2026-08-16,LA,LA,LA|CLAIBORNE,LA|LINCOLN,TGT-Mainline,TETCO-ETX,0.0,15.2778,,,15,Imputed_WP
2026-08-16,LA,LA,LA|DE SOTO,LA|NATCHITOCHES,TETCO-ETX,TGP-Z0 North,0.1239,54.0079,,,54,Imputed_WP
2026-08-16,LA,TX,LA|DE SOTO,TX|PANOLA,TETCO-ETX,Carthage,0.015,24.5238,2.7397,,19,Imputed_P
2026-08-16,LA,LA,LA|EAST BATON ROUGE,LA|EAST FELICIANA,FGT-Z2,TETCO-ELA,0.255,,,,,Missing_N
2026-08-16,LA,LA,LA|EAST BATON ROUGE,LA|IBERVILLE,FGT-Z2,TETCO-ELA,0.255,,,,,Missing_N
2026-08-16,LA,LA,LA|EAST BATON ROUGE,LA|LIVINGSTON,FGT-Z2,Sonat-Z0 South,0.51,,,,,Missing_N
2026-08-16,LA,LA,LA|EAST BATON ROUGE,LA|ST HELENA,FGT-Z2,FGT-Z3,0.525,,,,,Missing_N
2026-08-16,LA,LA,LA|EAST CARROLL,LA|WEST CARROLL,CG-Mainline,Trunkline-Z1A,0.08,68.7566,,,69,Imputed_WP
2026-08-16,LA,LA,LA|EAST FELICIANA,LA|ST HELENA,TETCO-ELA,FGT-Z3,2.875,77.9894,,,78,Imputed_WP
2026-08-16,LA,LA,LA|EAST FELICIANA,LA|WEST BATON ROUGE,TETCO-ELA,FGT-Z2,0.255,,,,,Missing_N
2026-08-16,LA,LA,LA|EVANGELINE,LA|JEFFERSON DAVIS,Pine Prairie,TGT-SL,0.0798,44.1931,,,44,Imputed_WP
2026-08-16,LA,LA,LA|GRANT,LA|NATCHITOCHES,TGT-Mainline,TGP-Z0 North,0.1239,39.7487,,,40,Imputed_WP
2026-08-16,LA,LA,LA|GRANT,LA|RAPIDES,TGT-Mainline,Pine Prairie,0.08,23.5185,,,24,Imputed_WP
2026-08-16,LA,LA,LA|IBERVILLE,LA|ST MARTIN,TETCO-ELA,Sonat-Z0 South,2.365,78.2672,,,78,Imputed_WP
2026-08-16,LA,LA,LA|IBERVILLE,LA|WEST BATON ROUGE,TETCO-ELA,FGT-Z2,0.255,,,,,Missing_N
2026-08-16,LA,LA,LA|JACKSON,LA|LINCOLN,TGP-Z0 North,TETCO-ETX,0.1239,54.0079,,,54,Imputed_WP
2026-08-16,LA,LA,LA|JACKSON,LA|OUACHITA,TGP-Z0 North,TGT-Mainline,0.1239,39.7487,,,40,Imputed_WP
2026-08-16,LA,LA,LA|JEFFERSON,LA|ST CHARLES,TETCO-ELA,CG-Onshore,0.025,21.9444,,,22,Imputed_WP
2026-08-16,LA,LA,LA|JEFFERSON DAVIS,LA|VERMILION,TGT-SL,Henry,0.3098,57.3413,,,57,Imputed_WP
2026-08-16,LA,LA,LA|LAFAYETTE,LA|ST MARTIN,TGT-SL,Sonat-Z0 South,2.4048,80.0661,,,80,Imputed_WP
2026-08-16,LA,LA,LA|LAFAYETTE,LA|VERMILION,TGT-SL,Henry,0.3098,57.3413,,,57,Imputed_WP
2026-08-16,LA,LA,LA|LAFOURCHE,LA|ST CHARLES,TETCO-ELA,CG-Onshore,0.025,21.9444,,,22,Imputed_WP
2026-08-16,LA,LA,LA|LAFOURCHE,LA|ST JAMES,TETCO-ELA,Transco-65,0.97,74.0741,,,74,Imputed_WP
2026-08-16,LA,LA,LA|LAFOURCHE,LA|TERREBONNE,TETCO-ELA,CG-Onshore,0.025,21.9444,,,22,Imputed_WP
2026-08-16,LA,LA,LA|LINCOLN,LA|OUACHITA,TETCO-ETX,TGT-Mainline,0.0,15.2778,,,15,Imputed_WP
2026-08-16,LA,LA,LA|LINCOLN,LA|UNION,TETCO-ETX,TGT-Mainline,0.0,15.2778,,,15,Imputed_WP
2026-08-16,LA,LA,LA|LIVINGSTON,LA|ST HELENA,Sonat-Z0 South,FGT-Z3,0.51,76.4286,,,76,Imputed_WP
2026-08-16,LA,LA,LA|MOREHOUSE,LA|RICHLAND,TGT-Mainline,CG-Mainline,0.1,76.045,,,76,Imputed_WP
2026-08-16,LA,LA,LA|MOREHOUSE,LA|WEST CARROLL,TGT-Mainline,Trunkline-Z1A,0.02,33.1085,,,33,Imputed_WP
2026-08-16,LA,LA,LA|NATCHITOCHES,LA|RAPIDES,TGP-Z0 North,Pine Prairie,0.2039,31.8783,,,32,Imputed_WP
2026-08-16,LA,LA,LA|OUACHITA,LA|RICHLAND,TGT-Mainline,CG-Mainline,0.1,76.045,,,76,Imputed_WP
2026-08-16,LA,LA,LA|POINTE COUPEE,LA|ST MARTIN,TETCO-ELA,Sonat-Z0 South,2.365,78.2672,,,78,Imputed_WP
2026-08-16,LA,LA,LA|POINTE COUPEE,LA|WEST BATON ROUGE,TETCO-ELA,FGT-Z2,0.255,,,,,Missing_N
2026-08-16,LA,LA,LA|RICHLAND,LA|WEST CARROLL,CG-Mainline,Trunkline-Z1A,0.08,68.7566,,,69,Imputed_WP
2026-08-16,LA,LA,LA|ST MARTIN,LA|ST MARY,Sonat-Z0 South,ANR-SE-T,2.345,78.4656,,,78,Imputed_WP
2026-08-16,LA,LA,LA|ST MARY,LA|TERREBONNE,ANR-SE-T,CG-Onshore,0.045,47.6984,,,48,Imputed_WP
2026-08-16,LA,LA,LA|WEST BATON ROUGE,LA|WEST FELICIANA,FGT-Z2,TETCO-ELA,0.255,,,,,Missing_N
2026-08-16,NY,NY,NY|ALBANY,NY|GREENE,Eastern Gas North,Iroquois-Z2,0.845,47.8042,11.1546,58.6839,45,Full
2026-08-16,NY,NY,NY|ALBANY,NY|SCHOHARIE,Eastern Gas North,Iroquois-Z1,1.0,,11.1546,,,Missing_N
2026-08-16,NY,NY,NY|ALLEGANY,NY|LIVINGSTON,Eastern Gas North,TGP-Niagara,0.14,43.3995,11.1546,61.9709,43,Full
2026-08-16,NY,NY,NY|ALLEGANY,NY|STEUBEN,Eastern Gas North,TGP-Niagara,0.14,43.3995,11.1546,61.9709,43,Full
2026-08-16,NY,PA,NY|ALLEGANY,PA|MCKEAN,Eastern Gas North,TGP-Z4 Sta-313,0.045,32.9497,11.1546,77.2421,41,Full
2026-08-16,NY,PA,NY|ALLEGANY,PA|POTTER,Eastern Gas North,Eastern Gas South,0.01,27.8968,11.1546,77.2421,38,Full
2026-08-16,NY,PA,NY|CHAUTAUQUA,PA|ERIE,TGP-Niagara,TGP-Z4 Sta-219,0.06,48.5847,11.1546,61.9709,46,Full
2026-08-16,NY,NY,NY|CHEMUNG,NY|STEUBEN,Eastern Gas North,TGP-Niagara,0.14,43.3995,11.1546,,35,Imputed_P
2026-08-16,NY,PA,NY|CHEMUNG,PA|BRADFORD,Eastern Gas North,TGP-Z4 300L,0.13,67.2222,11.1546,,52,Imputed_P
2026-08-16,NY,PA,NY|CHEMUNG,PA|TIOGA,Eastern Gas North,Eastern Gas South,0.01,27.8968,11.1546,,24,Imputed_P
2026-08-16,NY,NY,NY|DUTCHESS,NY|PUTNAM,Iroquois-Z2,AGT-CG (non-G),0.71,54.7354,11.1546,58.6839,49,Full
2026-08-16,NY,NY,NY|ERIE,NY|GENESEE,TGP-Niagara,Eastern Gas North,0.14,43.3995,11.1546,61.9709,43,Full
2026-08-16,NY,NY,NY|ERIE,NY|WYOMING,TGP-Niagara,Eastern Gas North,0.14,43.3995,11.1546,61.9709,43,Full
2026-08-16,NY,NY,NY|GENESEE,NY|LIVINGSTON,Eastern Gas North,TGP-Niagara,0.14,43.3995,11.1546,61.9709,43,Full
2026-08-16,NY,NY,NY|GENESEE,NY|NIAGARA,Eastern Gas North,TGP-Niagara,0.14,43.3995,11.1546,61.9709,43,Full
2026-08-16,NY,NY,NY|GREENE,NY|SCHOHARIE,Iroquois-Z2,Iroquois-Z1,0.12,,11.1546,58.6839,,Missing_N
2026-08-16,NY,NY,NY|HERKIMER,NY|MONTGOMERY,Iroquois-Z1,Eastern Gas North,1.0,,11.1546,57.8439,,Missing_N
2026-08-16,NY,NY,NY|LIVINGSTON,NY|WYOMING,TGP-Niagara,Eastern Gas North,0.14,43.3995,11.1546,61.9709,43,Full
2026-08-16,NY,NY,NY|MADISON,NY|ONEIDA,Eastern Gas North,Iroquois-Z1,1.0,,11.1546,57.8439,,Missing_N
2026-08-16,NY,NY,NY|MONTGOMERY,NY|SCHOHARIE,Eastern Gas North,Iroquois-Z1,1.0,,11.1546,,,Missing_N
2026-08-16,NY,NY,NY|SCHUYLER,NY|STEUBEN,Eastern Gas North,TGP-Niagara,0.14,43.3995,11.1546,,35,Imputed_P
2026-08-16,NY,PA,NY|STEUBEN,PA|POTTER,TGP-Niagara,Eastern Gas South,0.15,44.2989,11.1546,77.2421,48,Full
2026-08-16,NY,PA,NY|STEUBEN,PA|TIOGA,TGP-Niagara,Eastern Gas South,0.15,44.2989,11.1546,,36,Imputed_P
2026-08-16,OH,OH,OH|ATHENS,OH|PERRY,TGP-Z4 Sta-219,TETCO-M2 (receipt),0.09,49.5899,10.5675,,39,Imputed_P
2026-08-16,OH,OH,OH|ATHENS,OH|VINTON,TGP-Z4 Sta-219,TETCO-M2 (receipt),0.09,49.5899,10.5675,,39,Imputed_P
2026-08-16,OH,OH,OH|ATHENS,OH|WASHINGTON,TGP-Z4 Sta-219,TETCO-M2 (receipt),0.09,49.5899,10.5675,,39,Imputed_P
2026-08-16,OH,WV,OH|ATHENS,WV|WOOD,TGP-Z4 Sta-219,Eastern Gas South,0.09,39.0476,10.5675,,32,Imputed_P
2026-08-16,OH,OH,OH|CARROLL,OH|HARRISON,TGP-Z4 Sta-219,Eastern Gas South,0.09,39.0476,10.5675,,32,Imputed_P
2026-08-16,OH,OH,OH|CARROLL,OH|JEFFERSON,TGP-Z4 Sta-219,TETCO-M2 (receipt),0.09,49.5899,10.5675,,39,Imputed_P
2026-08-16,OH,OH,OH|COLUMBIANA,OH|JEFFERSON,TGP-Z4 Sta-219,TETCO-M2 (receipt),0.09,49.5899,10.5675,,39,Imputed_P
2026-08-16,OH,PA,OH|COLUMBIANA,PA|BEAVER,TGP-Z4 Sta-219,Eastern Gas South,0.09,39.0476,10.5675,,32,Imputed_P
2026-08-16,OH,OH,OH|DARKE,OH|MERCER,TETCO-M2 (receipt),Eastern Gas South,0.0,23.4127,10.5675,,20,Imputed_P
2026-08-16,OH,OH,OH|FAIRFIELD,OH|PICKAWAY,TETCO-M2 (receipt),Eastern Gas South,0.0,23.4127,10.5675,,20,Imputed_P
2026-08-16,OH,OH,OH|FAYETTE,OH|PICKAWAY,TETCO-M2 (receipt),Eastern Gas South,0.0,23.4127,10.5675,,20,Imputed_P
2026-08-16,OH,OH,OH|FRANKLIN,OH|PICKAWAY,TETCO-M2 (receipt),Eastern Gas South,0.0,23.4127,10.5675,,20,Imputed_P
2026-08-16,OH,OH,OH|GUERNSEY,OH|HARRISON,TGP-Z4 Sta-219,Eastern Gas South,0.09,39.0476,10.5675,,32,Imputed_P
2026-08-16,OH,OH,OH|GUERNSEY,OH|MUSKINGUM,TGP-Z4 Sta-219,Eastern Gas South,0.09,39.0476,10.5675,,32,Imputed_P
2026-08-16,OH,OH,OH|GUERNSEY,OH|NOBLE,TGP-Z4 Sta-219,Rover (receipt),0.0719,43.1349,10.5675,,35,Imputed_P
2026-08-16,OH,OH,OH|HARRISON,OH|JEFFERSON,Eastern Gas South,TETCO-M2 (receipt),0.0,23.4127,10.5675,,20,Imputed_P
2026-08-16,OH,OH,OH|HARRISON,OH|TUSCARAWAS,Eastern Gas South,TGP-Z4 Sta-219,0.09,39.0476,10.5675,,32,Imputed_P
2026-08-16,OH,OH,OH|JACKSON,OH|SCIOTO,TGP-Z4 Sta-219,TETCO-M2 (receipt),0.09,49.5899,10.5675,,39,Imputed_P
2026-08-16,OH,OH,OH|JACKSON,OH|VINTON,TGP-Z4 Sta-219,TETCO-M2 (receipt),0.09,49.5899,10.5675,,39,Imputed_P
2026-08-16,OH,OH,OH|MONROE,OH|NOBLE,TETCO-M2 (receipt),Rover (receipt),0.0181,38.7566,10.5675,,31,Imputed_P
2026-08-16,OH,WV,OH|MONROE,WV|TYLER,TETCO-M2 (receipt),Eastern Gas South,0.0,23.4127,10.5675,,20,Imputed_P
2026-08-16,OH,WV,OH|MONROE,WV|WETZEL,TETCO-M2 (receipt),Eastern Gas South,0.0,23.4127,10.5675,,20,Imputed_P
2026-08-16,OH,OH,OH|MORGAN,OH|MUSKINGUM,TGP-Z4 Sta-219,Eastern Gas South,0.09,39.0476,10.5675,,32,Imputed_P
2026-08-16,OH,OH,OH|MORGAN,OH|NOBLE,TGP-Z4 Sta-219,Rover (receipt),0.0719,43.1349,10.5675,,35,Imputed_P
2026-08-16,OH,OH,OH|MORGAN,OH|PERRY,TGP-Z4 Sta-219,TETCO-M2 (receipt),0.09,49.5899,10.5675,,39,Imputed_P
2026-08-16,OH,OH,OH|MORGAN,OH|WASHINGTON,TGP-Z4 Sta-219,TETCO-M2 (receipt),0.09,49.5899,10.5675,,39,Imputed_P
2026-08-16,OH,OH,OH|MUSKINGUM,OH|NOBLE,Eastern Gas South,Rover (receipt),0.0181,23.4524,10.5675,,20,Imputed_P
2026-08-16,OH,OH,OH|MUSKINGUM,OH|PERRY,Eastern Gas South,TETCO-M2 (receipt),0.0,23.4127,10.5675,,20,Imputed_P
2026-08-16,OH,OH,OH|NOBLE,OH|WASHINGTON,Rover (receipt),TETCO-M2 (receipt),0.0181,38.7566,10.5675,,31,Imputed_P
2026-08-16,OH,WV,OH|WASHINGTON,WV|PLEASANTS,TETCO-M2 (receipt),Eastern Gas South,0.0,23.4127,10.5675,,20,Imputed_P
2026-08-16,OH,WV,OH|WASHINGTON,WV|TYLER,TETCO-M2 (receipt),Eastern Gas South,0.0,23.4127,10.5675,,20,Imputed_P
2026-08-16,OH,WV,OH|WASHINGTON,WV|WOOD,TETCO-M2 (receipt),Eastern Gas South,0.0,23.4127,10.5675,,20,Imputed_P
2026-08-16,OK,OK,OK|ALFALFA,OK|GARFIELD,southern star,Panhandle,0.085,65.1323,,,65,Imputed_WP
2026-08-16,OK,OK,OK|ALFALFA,OK|GRANT,southern star,EGT-West,3.115,78.0238,,,78,Imputed_WP
2026-08-16,OK,OK,OK|ALFALFA,OK|MAJOR,southern star,Panhandle,0.085,65.1323,,,65,Imputed_WP
2026-08-16,OK,OK,OK|ALFALFA,OK|WOODS,southern star,Panhandle,0.085,65.1323,,,65,Imputed_WP
2026-08-16,OK,OK,OK|BECKHAM,OK|KIOWA,EGT-West,NGPL-Midcont Pool,3.07,77.8047,,,78,Imputed_WP
2026-08-16,OK,OK,OK|BECKHAM,OK|ROGER MILLS,EGT-West,ANR-SW,3.005,77.6214,,,78,Imputed_WP
2026-08-16,OK,OK,OK|BECKHAM,OK|WASHITA,EGT-West,NGPL-Midcont Pool,3.07,77.8047,,,78,Imputed_WP
2026-08-16,OK,TX,OK|BECKHAM,TX|WHEELER,EGT-West,ANR-SW,3.005,77.6214,2.7397,8.3069,46,Full
2026-08-16,OK,OK,OK|BLAINE,OK|CADDO,EGT-West,NGPL-Midcont Pool,3.07,77.8047,,,78,Imputed_WP
2026-08-16,OK,OK,OK|BLAINE,OK|DEWEY,EGT-West,Panhandle,3.15,77.0012,,,77,Imputed_WP
2026-08-16,OK,OK,OK|BLAINE,OK|KINGFISHER,EGT-West,Panhandle,3.15,77.0012,,,77,Imputed_WP
2026-08-16,OK,OK,OK|BLAINE,OK|MAJOR,EGT-West,Panhandle,3.15,77.0012,,,77,Imputed_WP
2026-08-16,OK,OK,OK|CADDO,OK|COMANCHE,NGPL-Midcont Pool,EGT-West,3.07,77.8047,,,78,Imputed_WP
2026-08-16,OK,OK,OK|CADDO,OK|CUSTER,NGPL-Midcont Pool,EGT-West,3.07,77.8047,,,78,Imputed_WP
2026-08-16,OK,OK,OK|CADDO,OK|GRADY,NGPL-Midcont Pool,EGT-West,3.07,77.8047,,,78,Imputed_WP
2026-08-16,OK,OK,OK|COMANCHE,OK|KIOWA,EGT-West,NGPL-Midcont Pool,3.07,77.8047,,,78,Imputed_WP
2026-08-16,OK,OK,OK|CUSTER,OK|DEWEY,EGT-West,Panhandle,3.15,77.0012,,,77,Imputed_WP
2026-08-16,OK,OK,OK|CUSTER,OK|ROGER MILLS,EGT-West,ANR-SW,3.005,77.6214,,,78,Imputed_WP
2026-08-16,OK,OK,OK|CUSTER,OK|WASHITA,EGT-West,NGPL-Midcont Pool,3.07,77.8047,,,78,Imputed_WP
2026-08-16,OK,OK,OK|DEWEY,OK|ROGER MILLS,Panhandle,ANR-SW,0.09,74.0079,,,74,Imputed_WP
2026-08-16,OK,OK,OK|DEWEY,OK|WOODWARD,Panhandle,NGPL-Midcont Pool,0.1,66.7857,,,67,Imputed_WP
2026-08-16,OK,OK,OK|GARFIELD,OK|GRANT,Panhandle,EGT-West,3.15,77.0012,,,77,Imputed_WP
2026-08-16,OK,OK,OK|GARFIELD,OK|KAY,Panhandle,EGT-West,3.15,77.0012,,,77,Imputed_WP
2026-08-16,OK,OK,OK|GREER,OK|KIOWA,EGT-West,NGPL-Midcont Pool,3.07,77.8047,,,78,Imputed_WP
2026-08-16,OK,OK,OK|HARPER,OK|WOODS,ANR-SW,Panhandle,0.09,74.0079,,,74,Imputed_WP
2026-08-16,OK,OK,OK|HARPER,OK|WOODWARD,ANR-SW,NGPL-Midcont Pool,0.01,22.9233,,,23,Imputed_WP
2026-08-16,OK,OK,OK|JACKSON,OK|KIOWA,EGT-West,NGPL-Midcont Pool,3.07,77.8047,,,78,Imputed_WP
2026-08-16,OK,OK,OK|MAJOR,OK|WOODWARD,Panhandle,NGPL-Midcont Pool,0.1,66.7857,,,67,Imputed_WP
2026-08-16,OK,TX,OK|TEXAS,TX|SHERMAN,Panhandle,TW-Panhandle,0.59,17.0767,2.7397,,13,Imputed_P
2026-08-16,OK,OK,OK|WOODS,OK|WOODWARD,Panhandle,NGPL-Midcont Pool,0.1,66.7857,,,67,Imputed_WP
2026-08-16,PA,PA,PA|ARMSTRONG,PA|INDIANA,Eastern Gas South,TETCO-M3,0.08,27.1032,6.4579,77.2421,37,Full
2026-08-16,PA,PA,PA|BEAVER,PA|LAWRENCE,Eastern Gas South,TGP-Z4 Sta-219,0.09,39.0476,6.4579,,30,Imputed_P
2026-08-16,PA,PA,PA|BEDFORD,PA|SOMERSET,TETCO-M3,TETCO-M2 (receipt),0.08,37.9233,6.4579,77.2421,43,Full
2026-08-16,PA,PA,PA|BLAIR,PA|CLEARFIELD,TETCO-M3,Eastern Gas South,0.08,27.1032,6.4579,,22,Imputed_P
2026-08-16,PA,PA,PA|BRADFORD,PA|LYCOMING,TGP-Z4 300L,Leidy-Transco,0.135,62.3413,22.5049,77.2421,61,Full
2026-08-16,PA,PA,PA|BRADFORD,PA|TIOGA,TGP-Z4 300L,Eastern Gas South,0.12,63.8889,6.4579,,49,Imputed_P
2026-08-16,PA,PA,PA|BRADFORD,PA|WYOMING,TGP-Z4 300L,Leidy-Transco,0.135,62.3413,6.4579,56.4286,52,Full
2026-08-16,PA,PA,PA|BUCKS,PA|NORTHAMPTON,TETCO-M3,Leidy-Transco,0.065,35.7011,6.4579,63.7566,38,Full
2026-08-16,PA,PA,PA|BUTLER,PA|LAWRENCE,Eastern Gas South,TGP-Z4 Sta-219,0.09,39.0476,6.4579,77.2421,44,Full
2026-08-16,PA,PA,PA|BUTLER,PA|MERCER,Eastern Gas South,TGP-Z4 Sta-219,0.09,39.0476,6.4579,77.2421,44,Full
2026-08-16,PA,PA,PA|BUTLER,PA|VENANGO,Eastern Gas South,TGP-Z4 Sta-219,0.09,39.0476,6.4579,77.2421,44,Full
2026-08-16,PA,PA,PA|CAMBRIA,PA|CLEARFIELD,TETCO-M3,Eastern Gas South,0.08,27.1032,6.4579,,22,Imputed_P
2026-08-16,PA,PA,PA|CAMBRIA,PA|SOMERSET,TETCO-M3,TETCO-M2 (receipt),0.08,37.9233,6.4579,77.2421,43,Full
2026-08-16,PA,PA,PA|CAMBRIA,PA|WESTMORELAND,TETCO-M3,Eastern Gas South,0.08,27.1032,6.4579,77.2421,37,Full
2026-08-16,PA,PA,PA|CENTRE,PA|CLEARFIELD,TETCO-M3,Eastern Gas South,0.08,27.1032,6.4579,77.2421,37,Full
2026-08-16,PA,PA,PA|CENTRE,PA|CLINTON,TETCO-M3,Leidy-Transco,0.065,35.7011,6.4579,77.2421,42,Full
2026-08-16,PA,PA,PA|CLARION,PA|FOREST,Eastern Gas South,TGP-Z4 Sta-313,0.055,33.8757,6.4579,77.2421,41,Full
2026-08-16,PA,PA,PA|CLARION,PA|VENANGO,Eastern Gas South,TGP-Z4 Sta-219,0.09,39.0476,6.4579,77.2421,44,Full
2026-08-16,PA,PA,PA|CLEARFIELD,PA|CLINTON,Eastern Gas South,Leidy-Transco,0.015,29.4048,6.4579,77.2421,38,Full
2026-08-16,PA,PA,PA|CLEARFIELD,PA|INDIANA,Eastern Gas South,TETCO-M3,0.08,27.1032,6.4579,,22,Imputed_P
2026-08-16,PA,PA,PA|CLINTON,PA|POTTER,Leidy-Transco,Eastern Gas South,0.015,29.4048,6.4579,77.2421,38,Full
2026-08-16,PA,PA,PA|ELK,PA|FOREST,Eastern Gas South,TGP-Z4 Sta-313,0.055,33.8757,6.4579,77.2421,41,Full
2026-08-16,PA,PA,PA|ELK,PA|MCKEAN,Eastern Gas South,TGP-Z4 Sta-313,0.055,33.8757,6.4579,77.2421,41,Full
2026-08-16,PA,PA,PA|FAYETTE,PA|WASHINGTON,TETCO-M2 (receipt),Eastern Gas South,0.0,23.4127,6.4579,77.2421,34,Full
2026-08-16,PA,PA,PA|FAYETTE,PA|WESTMORELAND,TETCO-M2 (receipt),Eastern Gas South,0.0,23.4127,6.4579,77.2421,34,Full
2026-08-16,PA,PA,PA|FOREST,PA|JEFFERSON,TGP-Z4 Sta-313,Eastern Gas South,0.055,33.8757,6.4579,,27,Imputed_P
2026-08-16,PA,PA,PA|FOREST,PA|VENANGO,TGP-Z4 Sta-313,TGP-Z4 Sta-219,0.035,46.2831,6.4579,,36,Imputed_P
2026-08-16,PA,PA,PA|GREENE,PA|WASHINGTON,TETCO-M2 (receipt),Eastern Gas South,0.0,23.4127,6.4579,77.2421,34,Full
2026-08-16,PA,WV,PA|GREENE,WV|WETZEL,TETCO-M2 (receipt),Eastern Gas South,0.0,23.4127,6.4579,77.2421,34,Full
2026-08-16,PA,PA,PA|INDIANA,PA|JEFFERSON,TETCO-M3,Eastern Gas South,0.08,27.1032,6.4579,,22,Imputed_P
2026-08-16,PA,PA,PA|INDIANA,PA|WESTMORELAND,TETCO-M3,Eastern Gas South,0.08,27.1032,6.4579,77.2421,37,Full
2026-08-16,PA,PA,PA|LUZERNE,PA|MONROE,Leidy-Transco,Transco-Z6 (non-NY),0.1205,22.805,6.4579,62.619,30,Full
2026-08-16,PA,PA,PA|LYCOMING,PA|POTTER,Leidy-Transco,Eastern Gas South,0.015,29.4048,22.5049,77.2421,41,Full
2026-08-16,PA,PA,PA|LYCOMING,PA|TIOGA,Leidy-Transco,Eastern Gas South,0.015,29.4048,22.5049,77.2421,41,Full
2026-08-16,PA,PA,PA|MCKEAN,PA|POTTER,TGP-Z4 Sta-313,Eastern Gas South,0.055,33.8757,6.4579,77.2421,41,Full
2026-08-16,PA,PA,PA|MONROE,PA|NORTHAMPTON,Transco-Z6 (non-NY),Leidy-Transco,0.1205,22.805,6.4579,62.619,30,Full
2026-08-16,PA,PA,PA|MONROE,PA|PIKE,Transco-Z6 (non-NY),TGP-Z4 300L,0.2555,27.198,6.4579,62.619,33,Full
2026-08-16,PA,PA,PA|MONROE,PA|WAYNE,Transco-Z6 (non-NY),TGP-Z4 300L,0.2555,27.198,6.4579,62.619,33,Full
2026-08-16,PA,PA,PA|SOMERSET,PA|WESTMORELAND,TETCO-M2 (receipt),Eastern Gas South,0.0,23.4127,6.4579,77.2421,34,Full
2026-08-16,PA,PA,PA|SUSQUEHANNA,PA|WYOMING,TGP-Z4 300L,Leidy-Transco,0.135,62.3413,6.4579,56.4286,52,Full
2026-08-16,PA,WV,PA|WASHINGTON,WV|MARSHALL,Eastern Gas South,TETCO-M2 (receipt),0.0,23.4127,6.4579,77.2421,34,Full
2026-08-16,TN,TN,TN|CHEATHAM,TN|DAVIDSON,TGP-Z1 100L,CG-Mainline,0.14,69.0212,29.5499,,59,Imputed_P
2026-08-16,TN,TN,TN|CHEATHAM,TN|WILLIAMSON,TGP-Z1 100L,CG-Mainline,0.14,69.0212,90.2153,,77,Imputed_P
2026-08-16,TN,TN,TN|CHESTER,TN|HARDIN,TGP-Z1 100L,TGP-Z1 800L Pool,0.06,,90.2153,,,Missing_N
2026-08-16,TN,TN,TN|CHESTER,TN|MADISON,TGP-Z1 100L,TGT-Mainline,0.04,33.6243,90.2153,,50,Imputed_P
2026-08-16,TN,TN,TN|DAVIDSON,TN|ROBERTSON,CG-Mainline,TGP-Z1 100L,0.14,69.0212,29.5499,,59,Imputed_P
2026-08-16,TN,TN,TN|DAVIDSON,TN|RUTHERFORD,CG-Mainline,TETCO-M1 30,0.21,72.672,29.5499,,62,Imputed_P
2026-08-16,TN,TN,TN|DAVIDSON,TN|SUMNER,CG-Mainline,TGP-Z1 Sta-87,0.1384,67.328,29.5499,,58,Imputed_P
2026-08-16,TN,TN,TN|DECATUR,TN|HARDIN,TGP-Z1 100L,TGP-Z1 800L Pool,0.06,,90.2153,,,Missing_N
2026-08-16,TN,TN,TN|DECATUR,TN|WAYNE,TGP-Z1 100L,TGP-500L,1.865,78.3862,90.2153,,84,Imputed_P
2026-08-16,TN,TN,TN|DICKSON,TN|WILLIAMSON,TGP-Z1 100L,CG-Mainline,0.14,69.0212,90.2153,,77,Imputed_P
2026-08-16,TN,TN,TN|DYER,TN|GIBSON,Trunkline-Z1A,TGT-Mainline,0.02,33.1085,90.2153,,49,Imputed_P
2026-08-16,TN,TN,TN|DYER,TN|LAUDERDALE,Trunkline-Z1A,TGT-Mainline,0.02,33.1085,90.2153,,49,Imputed_P
2026-08-16,TN,TN,TN|FAYETTE,TN|HARDEMAN,Trunkline-Z1A,TGP-Z1 100L,0.06,42.7381,90.2153,,57,Imputed_P
2026-08-16,TN,TN,TN|FAYETTE,TN|HAYWOOD,Trunkline-Z1A,TGT-Mainline,0.02,33.1085,90.2153,,49,Imputed_P
2026-08-16,TN,TN,TN|FAYETTE,TN|SHELBY,Trunkline-Z1A,TGT-Mainline,0.02,33.1085,90.2153,,49,Imputed_P
2026-08-16,TN,TN,TN|FAYETTE,TN|TIPTON,Trunkline-Z1A,TGT-Mainline,0.02,33.1085,90.2153,,49,Imputed_P
2026-08-16,TN,TN,TN|HARDEMAN,TN|HAYWOOD,TGP-Z1 100L,TGT-Mainline,0.04,33.6243,90.2153,,50,Imputed_P
2026-08-16,TN,TN,TN|HARDEMAN,TN|MADISON,TGP-Z1 100L,TGT-Mainline,0.04,33.6243,90.2153,,50,Imputed_P
2026-08-16,TN,TN,TN|HARDIN,TN|HENDERSON,TGP-Z1 800L Pool,TGP-Z1 100L,0.06,,90.2153,,,Missing_N
2026-08-16,TN,TN,TN|HARDIN,TN|MCNAIRY,TGP-Z1 800L Pool,TGP-Z1 100L,0.06,,90.2153,,,Missing_N
2026-08-16,TN,TN,TN|HARDIN,TN|WAYNE,TGP-Z1 800L Pool,TGP-500L,0.22,,90.2153,,,Missing_N
2026-08-16,TN,TN,TN|HENDERSON,TN|MADISON,TGP-Z1 100L,TGT-Mainline,0.04,33.6243,90.2153,,50,Imputed_P
2026-08-16,TN,TN,TN|HICKMAN,TN|MAURY,TGP-Z1 100L,TETCO-M1 30,0.07,34.0344,90.2153,,50,Imputed_P
2026-08-16,TN,TN,TN|HICKMAN,TN|WILLIAMSON,TGP-Z1 100L,CG-Mainline,0.14,69.0212,90.2153,,77,Imputed_P
2026-08-16,TN,TN,TN|LAWRENCE,TN|WAYNE,TETCO-M1 30,TGP-500L,1.795,79.2857,90.2153,,84,Imputed_P
2026-08-16,TN,TN,TN|MACON,TN|SUMNER,TETCO-M1 30,TGP-Z1 Sta-87,0.0716,32.8704,90.2153,,49,Imputed_P
2026-08-16,TN,TN,TN|MACON,TN|TROUSDALE,TETCO-M1 30,CG-Mainline,0.21,72.672,90.2153,,79,Imputed_P
2026-08-16,TN,TN,TN|MAURY,TN|WILLIAMSON,TETCO-M1 30,CG-Mainline,0.21,72.672,90.2153,,79,Imputed_P
2026-08-16,TN,TN,TN|PERRY,TN|WAYNE,TGP-Z1 100L,TGP-500L,1.865,78.3862,90.2153,,84,Imputed_P
2026-08-16,TN,TN,TN|ROBERTSON,TN|SUMNER,TGP-Z1 100L,TGP-Z1 Sta-87,0.0016,36.9444,90.2153,,52,Imputed_P
2026-08-16,TN,TN,TN|RUTHERFORD,TN|WILLIAMSON,TETCO-M1 30,CG-Mainline,0.21,72.672,90.2153,,79,Imputed_P
2026-08-16,TN,TN,TN|RUTHERFORD,TN|WILSON,TETCO-M1 30,CG-Mainline,0.21,72.672,90.2153,,79,Imputed_P
2026-08-16,TN,TN,TN|SUMNER,TN|TROUSDALE,TGP-Z1 Sta-87,CG-Mainline,0.1384,67.328,90.2153,,75,Imputed_P
2026-08-16,TN,TN,TN|SUMNER,TN|WILSON,TGP-Z1 Sta-87,CG-Mainline,0.1384,67.328,90.2153,,75,Imputed_P
2026-08-16,TX,TX,TX|ANDREWS,TX|WINKLER,NNG-Mid 1-7,TW-WTX,0.25,,2.7397,8.3069,,Missing_N
2026-08-16,TX,TX,TX|ANGELINA,TX|JASPER,TETCO-ETX,Transco-45,0.03,16.6534,2.7397,13.0754,13,Full
2026-08-16,TX,TX,TX|ANGELINA,TX|POLK,TETCO-ETX,NGPL-TXOK East,0.0,15.1323,2.7397,13.0754,12,Full
2026-08-16,TX,TX,TX|ANGELINA,TX|TYLER,TETCO-ETX,TGP-Z0 South,0.1539,50.873,2.7397,13.0754,32,Full
2026-08-16,TX,TX,TX|AUSTIN,TX|FORT BEND,TETCO-STX,NGPL-STX,0.025,25.582,2.7397,10.582,17,Full
2026-08-16,TX,TX,TX|AUSTIN,TX|WALLER,TETCO-STX,TGP-Z0 South,0.0789,41.5608,2.7397,10.582,26,Full
2026-08-16,TX,TX,TX|AUSTIN,TX|WHARTON,TETCO-STX,TGP-Z0 Border Pool,0.065,38.6905,2.7397,10.582,25,Full
2026-08-16,TX,TX,TX|BEE,TX|REFUGIO,TETCO-STX,TGP-Z0 Border Pool,0.065,38.6905,2.7397,7.3214,24,Full
2026-08-16,TX,TX,TX|BEE,TX|SAN PATRICIO,TETCO-STX,TGP-Z0 Border Pool,0.065,38.6905,2.7397,7.3214,24,Full
2026-08-16,TX,TX,TX|BOWIE,TX|CASS,EGT-South,NGPL-TXOK East,0.0782,,2.7397,,,Missing_N
2026-08-16,TX,TX,TX|BRAZORIA,TX|FORT BEND,TETCO-STX,NGPL-STX,0.025,25.582,2.7397,10.582,17,Full
2026-08-16,TX,TX,TX|BRAZORIA,TX|GALVESTON,TETCO-STX,FGT-Z1,0.065,,2.7397,10.582,,Missing_N
2026-08-16,TX,TX,TX|BRAZORIA,TX|MATAGORDA,TETCO-STX,Transco-30,0.01,17.963,2.7397,10.582,13,Full
2026-08-16,TX,TX,TX|BRAZORIA,TX|WHARTON,TETCO-STX,TGP-Z0 Border Pool,0.065,38.6905,2.7397,10.582,25,Full
2026-08-16,TX,TX,TX|BROOKS,TX|DUVAL,TGP-Z0 Border Pool,TETCO-STX,0.065,38.6905,2.7397,7.3214,24,Full
2026-08-16,TX,TX,TX|BROOKS,TX|HIDALGO,TGP-Z0 Border Pool,TETCO-STX,0.065,38.6905,2.7397,7.3214,24,Full
2026-08-16,TX,TX,TX|BROOKS,TX|JIM HOGG,TGP-Z0 Border Pool,NGPL-STX,0.04,59.9074,2.7397,7.3214,36,Full
2026-08-16,TX,TX,TX|BROOKS,TX|JIM WELLS,TGP-Z0 Border Pool,NGPL-STX,0.04,59.9074,2.7397,7.3214,36,Full
2026-08-16,TX,TX,TX|BROOKS,TX|KENEDY,TGP-Z0 Border Pool,TETCO-STX,0.065,38.6905,2.7397,7.3214,24,Full
2026-08-16,TX,TX,TX|BROOKS,TX|KLEBERG,TGP-Z0 Border Pool,TETCO-STX,0.065,38.6905,2.7397,7.3214,24,Full
2026-08-16,TX,TX,TX|CALHOUN,TX|MATAGORDA,TETCO-STX,Transco-30,0.01,17.963,2.7397,10.582,13,Full
2026-08-16,TX,TX,TX|CALHOUN,TX|REFUGIO,TETCO-STX,TGP-Z0 Border Pool,0.065,38.6905,2.7397,7.3214,24,Full
2026-08-16,TX,TX,TX|CALHOUN,TX|VICTORIA,TETCO-STX,TGP-Z0 Border Pool,0.065,38.6905,2.7397,7.3214,24,Full
2026-08-16,TX,TX,TX|CARSON,TX|HUTCHINSON,TW-Panhandle,NGPL-Midcont Pool,0.69,18.1217,2.7397,8.3069,13,Full
2026-08-16,TX,TX,TX|CASS,TX|MARION,NGPL-TXOK East,EGT-South,0.0782,,2.7397,,,Missing_N
2026-08-16,TX,TX,TX|CASS,TX|MORRIS,NGPL-TXOK East,EGT-South,0.0782,,2.7397,,,Missing_N
2026-08-16,TX,TX,TX|CASTRO,TX|HALE,TW-Panhandle,NNG-Mid 1-7,0.25,,2.7397,8.3069,,Missing_N
2026-08-16,TX,TX,TX|CHAMBERS,TX|GALVESTON,TETCO-STX,FGT-Z1,0.065,,2.7397,10.582,,Missing_N
2026-08-16,TX,TX,TX|CHAMBERS,TX|JEFFERSON,TETCO-STX,Golden Triangle,0.07,,2.7397,10.582,,Missing_N
2026-08-16,TX,TX,TX|CHAMBERS,TX|LIBERTY,TETCO-STX,NGPL-TXOK East,0.075,31.4286,2.7397,10.582,21,Full
2026-08-16,TX,TX,TX|COLORADO,TX|WHARTON,TETCO-STX,TGP-Z0 Border Pool,0.065,38.6905,2.7397,10.582,25,Full
2026-08-16,TX,TX,TX|DEWITT,TX|VICTORIA,TETCO-STX,TGP-Z0 Border Pool,0.065,38.6905,2.7397,,29,Imputed_P
2026-08-16,TX,TX,TX|DUVAL,TX|JIM HOGG,TETCO-STX,NGPL-STX,0.025,25.582,2.7397,7.3214,17,Full
2026-08-16,TX,TX,TX|DUVAL,TX|JIM WELLS,TETCO-STX,NGPL-STX,0.025,25.582,2.7397,7.3214,17,Full
2026-08-16,TX,TX,TX|FORT BEND,TX|HARRIS,NGPL-STX,TETCO-STX,0.025,25.582,,10.582,21,Imputed_W
2026-08-16,TX,TX,TX|FORT BEND,TX|WALLER,NGPL-STX,TGP-Z0 South,0.0539,62.1032,2.7397,10.582,38,Full
2026-08-16,TX,TX,TX|FORT BEND,TX|WHARTON,NGPL-STX,TGP-Z0 Border Pool,0.04,59.9074,2.7397,10.582,37,Full
2026-08-16,TX,TX,TX|GALVESTON,TX|HARRIS,FGT-Z1,TETCO-STX,0.065,,,10.582,,Missing_N
2026-08-16,TX,TX,TX|GOLIAD,TX|REFUGIO,TETCO-STX,TGP-Z0 Border Pool,0.065,38.6905,2.7397,7.3214,24,Full
2026-08-16,TX,TX,TX|GOLIAD,TX|VICTORIA,TETCO-STX,TGP-Z0 Border Pool,0.065,38.6905,2.7397,,29,Imputed_P
2026-08-16,TX,TX,TX|GRAY,TX|WHEELER,TW-Panhandle,ANR-SW,0.68,17.4471,2.7397,8.3069,12,Full
2026-08-16,TX,TX,TX|GREGG,TX|HARRISON,EGT-South,NGPL-TXOK East,0.0782,,2.7397,,,Missing_N
2026-08-16,TX,TX,TX|GREGG,TX|RUSK,EGT-South,TETCO-ETX,0.0482,,2.7397,13.0754,,Missing_N
2026-08-16,TX,TX,TX|GREGG,TX|SMITH,EGT-South,NGPL-TXOK East,0.0782,,2.7397,13.0754,,Missing_N
2026-08-16,TX,TX,TX|HANSFORD,TX|HUTCHINSON,Panhandle,NGPL-Midcont Pool,0.1,66.7857,2.7397,,50,Imputed_P
2026-08-16,TX,TX,TX|HANSFORD,TX|ROBERTS,Panhandle,TW-Panhandle,0.59,17.0767,2.7397,8.3069,12,Full
2026-08-16,TX,TX,TX|HANSFORD,TX|SHERMAN,Panhandle,TW-Panhandle,0.59,17.0767,2.7397,,13,Imputed_P
2026-08-16,TX,TX,TX|HARDIN,TX|JEFFERSON,Transco-45,Golden Triangle,0.015,,2.7397,,,Missing_N
2026-08-16,TX,TX,TX|HARDIN,TX|LIBERTY,Transco-45,NGPL-TXOK East,0.03,14.7619,2.7397,,12,Imputed_P
2026-08-16,TX,TX,TX|HARDIN,TX|ORANGE,Transco-45,Golden Triangle,0.015,,2.7397,,,Missing_N
2026-08-16,TX,TX,TX|HARDIN,TX|POLK,Transco-45,NGPL-TXOK East,0.03,14.7619,2.7397,,12,Imputed_P
2026-08-16,TX,TX,TX|HARDIN,TX|TYLER,Transco-45,TGP-Z0 South,0.1839,27.6058,2.7397,,21,Imputed_P
2026-08-16,TX,TX,TX|HARRIS,TX|LIBERTY,TETCO-STX,NGPL-TXOK East,0.075,31.4286,,10.582,25,Imputed_W
2026-08-16,TX,TX,TX|HARRIS,TX|WALLER,TETCO-STX,TGP-Z0 South,0.0789,41.5608,,10.582,32,Imputed_W
2026-08-16,TX,TX,TX|HARRISON,TX|MARION,NGPL-TXOK East,EGT-South,0.0782,,2.7397,,,Missing_N
2026-08-16,TX,TX,TX|HARRISON,TX|PANOLA,NGPL-TXOK East,Carthage,0.015,30.1455,2.7397,,23,Imputed_P
2026-08-16,TX,TX,TX|HARRISON,TX|RUSK,NGPL-TXOK East,TETCO-ETX,0.0,15.1323,2.7397,13.0754,12,Full
2026-08-16,TX,TX,TX|HARRISON,TX|UPSHUR,NGPL-TXOK East,EGT-South,0.0782,,2.7397,,,Missing_N
2026-08-16,TX,TX,TX|HIDALGO,TX|STARR,TETCO-STX,TGP-Z0 Border Pool,0.065,38.6905,2.7397,7.3214,24,Full
2026-08-16,TX,TX,TX|HUTCHINSON,TX|ROBERTS,NGPL-Midcont Pool,TW-Panhandle,0.69,18.1217,2.7397,8.3069,13,Full
2026-08-16,TX,TX,TX|HUTCHINSON,TX|SHERMAN,NGPL-Midcont Pool,TW-Panhandle,0.69,18.1217,2.7397,,14,Imputed_P
2026-08-16,TX,TX,TX|JACKSON,TX|MATAGORDA,TETCO-STX,Transco-30,0.01,17.963,2.7397,10.582,13,Full
2026-08-16,TX,TX,TX|JACKSON,TX|VICTORIA,TETCO-STX,TGP-Z0 Border Pool,0.065,38.6905,2.7397,,29,Imputed_P
2026-08-16,TX,TX,TX|JACKSON,TX|WHARTON,TETCO-STX,TGP-Z0 Border Pool,0.065,38.6905,2.7397,10.582,25,Full
2026-08-16,TX,TX,TX|JASPER,TX|NEWTON,Transco-45,TETCO-WLA,0.005,18.5053,2.7397,,14,Imputed_P
2026-08-16,TX,TX,TX|JASPER,TX|ORANGE,Transco-45,Golden Triangle,0.015,,2.7397,,,Missing_N
2026-08-16,TX,TX,TX|JASPER,TX|SABINE,Transco-45,TGP-Z0 South,0.1839,27.6058,2.7397,,21,Imputed_P
2026-08-16,TX,TX,TX|JASPER,TX|SAN AUGUSTINE,Transco-45,TETCO-ETX,0.03,16.6534,2.7397,,13,Imputed_P
2026-08-16,TX,TX,TX|JASPER,TX|TYLER,Transco-45,TGP-Z0 South,0.1839,27.6058,2.7397,,21,Imputed_P
2026-08-16,TX,TX,TX|JEFFERSON,TX|LIBERTY,Golden Triangle,NGPL-TXOK East,0.015,,2.7397,,,Missing_N
2026-08-16,TX,TX,TX|JIM HOGG,TX|STARR,NGPL-STX,TGP-Z0 Border Pool,0.04,59.9074,2.7397,7.3214,36,Full
2026-08-16,TX,TX,TX|JIM WELLS,TX|KLEBERG,NGPL-STX,TETCO-STX,0.025,25.582,2.7397,7.3214,17,Full
2026-08-16,TX,TX,TX|JIM WELLS,TX|LIVE OAK,NGPL-STX,TETCO-STX,0.025,25.582,2.7397,7.3214,17,Full
2026-08-16,TX,TX,TX|JIM WELLS,TX|NUECES,NGPL-STX,TGP-Z0 Border Pool,0.04,59.9074,10.9589,7.3214,37,Full
2026-08-16,TX,TX,TX|JIM WELLS,TX|SAN PATRICIO,NGPL-STX,TGP-Z0 Border Pool,0.04,59.9074,2.7397,7.3214,36,Full
2026-08-16,TX,TX,TX|KLEBERG,TX|NUECES,TETCO-STX,TGP-Z0 Border Pool,0.065,38.6905,10.9589,7.3214,26,Full
2026-08-16,TX,TX,TX|LAVACA,TX|VICTORIA,TETCO-STX,TGP-Z0 Border Pool,0.065,38.6905,2.7397,,29,Imputed_P
2026-08-16,TX,TX,TX|LIBERTY,TX|MONTGOMERY,NGPL-TXOK East,TETCO-STX,0.075,31.4286,,10.582,25,Imputed_W
2026-08-16,TX,TX,TX|LIBERTY,TX|SAN JACINTO,NGPL-TXOK East,TGP-Z0 South,0.1539,50.7804,2.7397,,38,Imputed_P
2026-08-16,TX,TX,TX|LIVE OAK,TX|SAN PATRICIO,TETCO-STX,TGP-Z0 Border Pool,0.065,38.6905,2.7397,7.3214,24,Full
2026-08-16,TX,TX,TX|LOVING,TX|REEVES,TW-WTX,NNG-Mid 1-7,0.25,,2.7397,8.3069,,Missing_N
2026-08-16,TX,TX,TX|LOVING,TX|WARD,TW-WTX,Oasis - Waha Pool,0.1255,46.7989,2.7397,8.3069,29,Full
2026-08-16,TX,TX,TX|MATAGORDA,TX|WHARTON,Transco-30,TGP-Z0 Border Pool,0.055,39.0079,2.7397,10.582,25,Full
2026-08-16,TX,TX,TX|MONTGOMERY,TX|SAN JACINTO,TETCO-STX,TGP-Z0 South,0.0789,41.5608,,10.582,32,Imputed_W
2026-08-16,TX,TX,TX|MONTGOMERY,TX|WALLER,TETCO-STX,TGP-Z0 South,0.0789,41.5608,,10.582,32,Imputed_W
2026-08-16,TX,TX,TX|NEWTON,TX|ORANGE,TETCO-WLA,Golden Triangle,0.065,,2.7397,,,Missing_N
2026-08-16,TX,TX,TX|NEWTON,TX|SABINE,TETCO-WLA,TGP-Z0 South,0.1889,25.0,2.7397,,19,Imputed_P
2026-08-16,TX,TX,TX|PANOLA,TX|RUSK,Carthage,TETCO-ETX,0.015,24.5238,2.7397,13.0754,17,Full
2026-08-16,TX,TX,TX|PANOLA,TX|SHELBY,Carthage,TETCO-ETX,0.015,24.5238,2.7397,,19,Imputed_P
2026-08-16,TX,TX,TX|PECOS,TX|WARD,NNG-Mid 1-7,Oasis - Waha Pool,0.18,,2.7397,8.3069,,Missing_N
2026-08-16,TX,TX,TX|POLK,TX|SAN JACINTO,NGPL-TXOK East,TGP-Z0 South,0.1539,50.7804,2.7397,,38,Imputed_P
2026-08-16,TX,TX,TX|POLK,TX|TYLER,NGPL-TXOK East,TGP-Z0 South,0.1539,50.7804,2.7397,,38,Imputed_P
2026-08-16,TX,TX,TX|REEVES,TX|WARD,NNG-Mid 1-7,Oasis - Waha Pool,0.18,,2.7397,8.3069,,Missing_N
2026-08-16,TX,TX,TX|ROBERTS,TX|WHEELER,TW-Panhandle,ANR-SW,0.68,17.4471,2.7397,8.3069,12,Full
2026-08-16,TX,TX,TX|RUSK,TX|SMITH,TETCO-ETX,NGPL-TXOK East,0.0,15.1323,2.7397,13.0754,12,Full
2026-08-16,TX,TX,TX|SABINE,TX|SAN AUGUSTINE,TGP-Z0 South,TETCO-ETX,0.1539,50.873,2.7397,,38,Imputed_P
2026-08-16,TX,TX,TX|SABINE,TX|SHELBY,TGP-Z0 South,TETCO-ETX,0.1539,50.873,2.7397,,38,Imputed_P
2026-08-16,TX,TX,TX|SAN JACINTO,TX|WALKER,TGP-Z0 South,TETCO-STX,0.0789,41.5608,2.7397,,31,Imputed_P
2026-08-16,TX,TX,TX|SMITH,TX|UPSHUR,NGPL-TXOK East,EGT-South,0.0782,,2.7397,13.0754,,Missing_N
2026-08-16,TX,TX,TX|SMITH,TX|WOOD,NGPL-TXOK East,EGT-South,0.0782,,2.7397,13.0754,,Missing_N
2026-08-16,TX,TX,TX|WARD,TX|WINKLER,Oasis - Waha Pool,TW-WTX,0.1255,46.7989,2.7397,8.3069,29,Full
2026-08-16,WV,WV,WV|MARSHALL,WV|WETZEL,TETCO-M2 (receipt),Eastern Gas South,0.0,23.4127,,,23,Imputed_WP
