Date,Horizon,State_A,State_B,GEOID_A,GEOID_B,Comp_A,Comp_B,Tension_Score,N_score,W_score,P_score,Signal_Percentile,Risk_Bucket,Expected_Move_Label,Data_Quality_Flag
2026-08-28,H1,IL,IL,IL|COOK,IL|WILL,NGPL-NICOR,ANR-Joliet Hub,,,,,,,,Missing_N
2026-08-28,H1,IL,IN,IL|COOK,IN|LAKE,NGPL-NICOR,ANR-Joliet Hub,,,,,,,,Missing_N
2026-08-28,H1,IL,IL,IL|DEKALB,IL|KENDALL,NGPL-NICOR,ANR-Joliet Hub,,,,76.2963,,,,Missing_N
2026-08-28,H1,IL,IL,IL|DOUGLAS,IL|EDGAR,REX E-Trunk,REX E-MidW,82,80.1323,,76.2963,95.61,High,Expansion_Risk,Imputed_W
2026-08-28,H1,IL,IL,IL|DOUGLAS,IL|MOULTRIE,REX E-Trunk,REX E-NGPL,82,79.8545,,76.2963,95.61,High,Expansion_Risk,Imputed_W
2026-08-28,H1,IL,IL,IL|DOUGLAS,IL|PIATT,REX E-Trunk,NGPL-NICOR,71,64.3254,,76.2963,75.09,Medium,Normal,Imputed_W
2026-08-28,H1,IL,IL,IL|DUPAGE,IL|KENDALL,NGPL-NICOR,ANR-Joliet Hub,,,,76.2963,,,,Missing_N
2026-08-28,H1,IL,IL,IL|DUPAGE,IL|WILL,NGPL-NICOR,ANR-Joliet Hub,,,,,,,,Missing_N
2026-08-28,H1,IL,IN,IL|EDGAR,IN|VERMILLION,REX E-MidW,TETCO-M2 (receipt),76,72.4603,,76.2963,79.82,Medium,Normal,Imputed_W
2026-08-28,H1,IL,IL,IL|GRUNDY,IL|KENDALL,NGPL-NICOR,ANR-Joliet Hub,,,,76.2963,,,,Missing_N
2026-08-28,H1,IL,IL,IL|GRUNDY,IL|WILL,NGPL-NICOR,ANR-Joliet Hub,,,,,,,,Missing_N
2026-08-28,H1,IL,IL,IL|KANKAKEE,IL|WILL,NGPL-NICOR,ANR-Joliet Hub,,,,76.2963,,,,Missing_N
2026-08-28,H1,IL,IN,IL|KANKAKEE,IN|LAKE,NGPL-NICOR,ANR-Joliet Hub,,,,76.2963,,,,Missing_N
2026-08-28,H1,IL,IL,IL|KENDALL,IL|LASALLE,ANR-Joliet Hub,NGPL-NICOR,,,,76.2963,,,,Missing_N
2026-08-28,H1,IL,IL,IL|MOULTRIE,IL|PIATT,REX E-NGPL,NGPL-NICOR,57,45.4762,,76.2963,53.51,Medium,Normal,Imputed_W
2026-08-28,H1,IL,IN,IL|WHITE,IN|GIBSON,TETCO-M1 24,TETCO-M2 (receipt),77,73.0026,,76.2963,81.58,Medium,Normal,Imputed_W
2026-08-28,H1,IL,IN,IL|WHITE,IN|POSEY,TETCO-M1 24,TETCO-M2 (receipt),77,73.0026,,76.2963,81.58,Medium,Normal,Imputed_W
2026-08-28,H1,IN,IN,IN|DECATUR,IN|SHELBY,TETCO-M2 (receipt),REX E-ANR,,,,,,,,Missing_N
2026-08-28,H1,KS,KS,KS|BARBER,KS|COMANCHE,Panhandle,ANR-SW,66,52.1032,100.0,,69.3,Medium,Normal,Imputed_P
2026-08-28,H1,KS,OK,KS|BARBER,OK|ALFALFA,Panhandle,southern star,79,69.1667,100.0,,89.47,High,Expansion_Risk,Imputed_P
2026-08-28,H1,KS,OK,KS|COMANCHE,OK|WOODS,ANR-SW,Panhandle,66,52.1032,100.0,,69.3,Medium,Normal,Imputed_P
2026-08-28,H1,KS,KS,KS|HARPER,KS|SUMNER,Panhandle,EGT-West,85,77.0012,100.0,,97.19,High,Expansion_Risk,Imputed_P
2026-08-28,H1,KS,OK,KS|HARPER,OK|ALFALFA,Panhandle,southern star,79,69.1667,100.0,,89.47,High,Expansion_Risk,Imputed_P
2026-08-28,H1,KS,OK,KS|HARPER,OK|GRANT,Panhandle,EGT-West,85,77.0012,100.0,,97.19,High,Expansion_Risk,Imputed_P
2026-08-28,H1,KS,KS,KS|KINGMAN,KS|SUMNER,Panhandle,EGT-West,85,77.0012,100.0,,97.19,High,Expansion_Risk,Imputed_P
2026-08-28,H1,LA,LA,LA|ACADIA,LA|EVANGELINE,TGT-SL,Pine Prairie,42,42.1958,,,19.65,Low,Normal,Imputed_WP
2026-08-28,H1,LA,LA,LA|ACADIA,LA|VERMILION,TGT-SL,Henry,64,64.1402,,,66.67,Medium,Normal,Imputed_WP
2026-08-28,H1,LA,LA,LA|ALLEN,LA|EVANGELINE,TETCO-WLA,Pine Prairie,45,45.0794,,,30.0,Low,Normal,Imputed_WP
2026-08-28,H1,LA,LA,LA|ALLEN,LA|JEFFERSON DAVIS,TETCO-WLA,TGT-SL,50,49.5238,,,42.98,Low,Normal,Imputed_WP
2026-08-28,H1,LA,LA,LA|ALLEN,LA|RAPIDES,TETCO-WLA,Pine Prairie,45,45.0794,,,30.0,Low,Normal,Imputed_WP
2026-08-28,H1,LA,LA,LA|ASCENSION,LA|EAST BATON ROUGE,Sonat-Z0 South,FGT-Z2,,,,,,,,Missing_N
2026-08-28,H1,LA,LA,LA|ASCENSION,LA|IBERVILLE,Sonat-Z0 South,TETCO-ELA,85,85.0265,,,97.19,High,Expansion_Risk,Imputed_WP
2026-08-28,H1,LA,LA,LA|ASCENSION,LA|ST JAMES,Sonat-Z0 South,Transco-65,63,62.6587,,,64.56,Medium,Normal,Imputed_WP
2026-08-28,H1,LA,LA,LA|BEAUREGARD,LA|CALCASIEU,TETCO-WLA,Transco-45,44,44.4312,,,25.96,Low,Normal,Imputed_WP
2026-08-28,H1,LA,LA,LA|BEAUREGARD,LA|JEFFERSON DAVIS,TETCO-WLA,TGT-SL,50,49.5238,,,42.98,Low,Normal,Imputed_WP
2026-08-28,H1,LA,LA,LA|BIENVILLE,LA|BOSSIER,TETCO-ETX,TGT-Mainline,26,25.9392,,,2.46,Low,Normal,Imputed_WP
2026-08-28,H1,LA,LA,LA|BIENVILLE,LA|CLAIBORNE,TETCO-ETX,TGT-Mainline,26,25.9392,,,2.46,Low,Normal,Imputed_WP
2026-08-28,H1,LA,LA,LA|BIENVILLE,LA|JACKSON,TETCO-ETX,TGP-Z0 North,36,36.0185,,,11.23,Low,Normal,Imputed_WP
2026-08-28,H1,LA,LA,LA|BIENVILLE,LA|NATCHITOCHES,TETCO-ETX,TGP-Z0 North,36,36.0185,,,11.23,Low,Normal,Imputed_WP
2026-08-28,H1,LA,LA,LA|BIENVILLE,LA|WEBSTER,TETCO-ETX,TGT-Mainline,26,25.9392,,,2.46,Low,Normal,Imputed_WP
2026-08-28,H1,LA,LA,LA|CADDO,LA|DE SOTO,TGT-Mainline,TETCO-ETX,26,25.9392,,,2.46,Low,Normal,Imputed_WP
2026-08-28,H1,LA,TX,LA|CADDO,TX|CASS,TGT-Mainline,NGPL-TXOK East,41,35.6614,52.7725,,17.37,Low,Normal,Imputed_P
2026-08-28,H1,LA,TX,LA|CADDO,TX|HARRISON,TGT-Mainline,NGPL-TXOK East,41,35.6614,52.7725,,17.37,Low,Normal,Imputed_P
2026-08-28,H1,LA,TX,LA|CADDO,TX|MARION,TGT-Mainline,EGT-South,,,52.7725,,,,,Missing_N
2026-08-28,H1,LA,TX,LA|CADDO,TX|PANOLA,TGT-Mainline,Carthage,46,42.0635,52.7725,,32.81,Low,Normal,Imputed_P
2026-08-28,H1,LA,LA,LA|CALCASIEU,LA|CAMERON,Transco-45,ANR-SE-T,17,17.0767,,,0.35,Low,Normal,Imputed_WP
2026-08-28,H1,LA,LA,LA|CALCASIEU,LA|JEFFERSON DAVIS,Transco-45,TGT-SL,63,62.5132,,,64.56,Medium,Normal,Imputed_WP
2026-08-28,H1,LA,TX,LA|CALCASIEU,TX|NEWTON,Transco-45,TETCO-WLA,47,44.4312,52.7725,,37.37,Low,Normal,Imputed_P
2026-08-28,H1,LA,TX,LA|CALCASIEU,TX|ORANGE,Transco-45,Golden Triangle,,,52.7725,,,,,Missing_N
2026-08-28,H1,LA,LA,LA|CALDWELL,LA|FRANKLIN,TGT-Mainline,CG-Mainline,75,75.4101,,,78.77,Medium,Normal,Imputed_WP
2026-08-28,H1,LA,LA,LA|CALDWELL,LA|JACKSON,TGT-Mainline,TGP-Z0 North,29,29.0741,,,5.61,Low,Normal,Imputed_WP
2026-08-28,H1,LA,LA,LA|CALDWELL,LA|RICHLAND,TGT-Mainline,CG-Mainline,75,75.4101,,,78.77,Medium,Normal,Imputed_WP
2026-08-28,H1,LA,LA,LA|CAMERON,LA|JEFFERSON DAVIS,ANR-SE-T,TGT-SL,66,65.873,,,69.3,Medium,Normal,Imputed_WP
2026-08-28,H1,LA,LA,LA|CAMERON,LA|VERMILION,ANR-SE-T,Henry,60,59.8016,,,59.82,Medium,Normal,Imputed_WP
2026-08-28,H1,LA,TX,LA|CAMERON,TX|JEFFERSON,ANR-SE-T,Golden Triangle,,,52.7725,,,,,Missing_N
2026-08-28,H1,LA,TX,LA|CAMERON,TX|ORANGE,ANR-SE-T,Golden Triangle,,,52.7725,,,,,Missing_N
2026-08-28,H1,LA,LA,LA|CLAIBORNE,LA|LINCOLN,TGT-Mainline,TETCO-ETX,26,25.9392,,,2.46,Low,Normal,Imputed_WP
2026-08-28,H1,LA,LA,LA|DE SOTO,LA|NATCHITOCHES,TETCO-ETX,TGP-Z0 North,36,36.0185,,,11.23,Low,Normal,Imputed_WP
2026-08-28,H1,LA,TX,LA|DE SOTO,TX|PANOLA,TETCO-ETX,Carthage,29,19.2989,52.7725,,5.61,Low,Normal,Imputed_P
2026-08-28,H1,LA,LA,LA|EAST BATON ROUGE,LA|EAST FELICIANA,FGT-Z2,TETCO-ELA,,,,,,,,Missing_N
2026-08-28,H1,LA,LA,LA|EAST BATON ROUGE,LA|IBERVILLE,FGT-Z2,TETCO-ELA,,,,,,,,Missing_N
2026-08-28,H1,LA,LA,LA|EAST BATON ROUGE,LA|LIVINGSTON,FGT-Z2,Sonat-Z0 South,,,,,,,,Missing_N
2026-08-28,H1,LA,LA,LA|EAST BATON ROUGE,LA|ST HELENA,FGT-Z2,FGT-Z3,,,,,,,,Missing_N
2026-08-28,H1,LA,LA,LA|EAST CARROLL,LA|WEST CARROLL,CG-Mainline,Trunkline-Z1A,54,53.664,,,50.35,Medium,Normal,Imputed_WP
2026-08-28,H1,LA,LA,LA|EAST FELICIANA,LA|ST HELENA,TETCO-ELA,FGT-Z3,81,80.5159,,,93.33,High,Expansion_Risk,Imputed_WP
2026-08-28,H1,LA,LA,LA|EAST FELICIANA,LA|WEST BATON ROUGE,TETCO-ELA,FGT-Z2,,,,,,,,Missing_N
2026-08-28,H1,LA,LA,LA|EVANGELINE,LA|JEFFERSON DAVIS,Pine Prairie,TGT-SL,42,42.1958,,,19.65,Low,Normal,Imputed_WP
2026-08-28,H1,LA,LA,LA|GRANT,LA|NATCHITOCHES,TGT-Mainline,TGP-Z0 North,29,29.0741,,,5.61,Low,Normal,Imputed_WP
2026-08-28,H1,LA,LA,LA|GRANT,LA|RAPIDES,TGT-Mainline,Pine Prairie,23,22.6058,,,0.7,Low,Normal,Imputed_WP
2026-08-28,H1,LA,LA,LA|IBERVILLE,LA|ST MARTIN,TETCO-ELA,Sonat-Z0 South,85,85.0265,,,97.19,High,Expansion_Risk,Imputed_WP
2026-08-28,H1,LA,LA,LA|IBERVILLE,LA|WEST BATON ROUGE,TETCO-ELA,FGT-Z2,,,,,,,,Missing_N
2026-08-28,H1,LA,LA,LA|JACKSON,LA|LINCOLN,TGP-Z0 North,TETCO-ETX,36,36.0185,,,11.23,Low,Normal,Imputed_WP
2026-08-28,H1,LA,LA,LA|JACKSON,LA|OUACHITA,TGP-Z0 North,TGT-Mainline,29,29.0741,,,5.61,Low,Normal,Imputed_WP
2026-08-28,H1,LA,LA,LA|JEFFERSON,LA|ST CHARLES,TETCO-ELA,CG-Onshore,63,63.2407,,,64.56,Medium,Normal,Imputed_WP
2026-08-28,H1,LA,LA,LA|JEFFERSON DAVIS,LA|VERMILION,TGT-SL,Henry,64,64.1402,,,66.67,Medium,Normal,Imputed_WP
2026-08-28,H1,LA,LA,LA|LAFAYETTE,LA|ST MARTIN,TGT-SL,Sonat-Z0 South,91,90.6614,,,99.82,High,Expansion_Risk,Imputed_WP
2026-08-28,H1,LA,LA,LA|LAFAYETTE,LA|VERMILION,TGT-SL,Henry,64,64.1402,,,66.67,Medium,Normal,Imputed_WP
2026-08-28,H1,LA,LA,LA|LAFOURCHE,LA|ST CHARLES,TETCO-ELA,CG-Onshore,63,63.2407,,,64.56,Medium,Normal,Imputed_WP
2026-08-28,H1,LA,LA,LA|LAFOURCHE,LA|ST JAMES,TETCO-ELA,Transco-65,85,85.2116,,,97.19,High,Expansion_Risk,Imputed_WP
2026-08-28,H1,LA,LA,LA|LAFOURCHE,LA|TERREBONNE,TETCO-ELA,CG-Onshore,63,63.2407,,,64.56,Medium,Normal,Imputed_WP
2026-08-28,H1,LA,LA,LA|LINCOLN,LA|OUACHITA,TETCO-ETX,TGT-Mainline,26,25.9392,,,2.46,Low,Normal,Imputed_WP
2026-08-28,H1,LA,LA,LA|LINCOLN,LA|UNION,TETCO-ETX,TGT-Mainline,26,25.9392,,,2.46,Low,Normal,Imputed_WP
2026-08-28,H1,LA,LA,LA|LIVINGSTON,LA|ST HELENA,Sonat-Z0 South,FGT-Z3,67,67.1561,,,70.53,Medium,Normal,Imputed_WP
2026-08-28,H1,LA,LA,LA|MOREHOUSE,LA|RICHLAND,TGT-Mainline,CG-Mainline,75,75.4101,,,78.77,Medium,Normal,Imputed_WP
2026-08-28,H1,LA,LA,LA|MOREHOUSE,LA|WEST CARROLL,TGT-Mainline,Trunkline-Z1A,33,33.3995,,,7.72,Low,Normal,Imputed_WP
2026-08-28,H1,LA,LA,LA|NATCHITOCHES,LA|RAPIDES,TGP-Z0 North,Pine Prairie,27,26.746,,,4.04,Low,Normal,Imputed_WP
2026-08-28,H1,LA,LA,LA|OUACHITA,LA|RICHLAND,TGT-Mainline,CG-Mainline,75,75.4101,,,78.77,Medium,Normal,Imputed_WP
2026-08-28,H1,LA,LA,LA|POINTE COUPEE,LA|ST MARTIN,TETCO-ELA,Sonat-Z0 South,85,85.0265,,,97.19,High,Expansion_Risk,Imputed_WP
2026-08-28,H1,LA,LA,LA|POINTE COUPEE,LA|WEST BATON ROUGE,TETCO-ELA,FGT-Z2,,,,,,,,Missing_N
2026-08-28,H1,LA,LA,LA|RICHLAND,LA|WEST CARROLL,CG-Mainline,Trunkline-Z1A,54,53.664,,,50.35,Medium,Normal,Imputed_WP
2026-08-28,H1,LA,LA,LA|ST MARTIN,LA|ST MARY,Sonat-Z0 South,ANR-SE-T,88,87.672,,,98.6,High,Expansion_Risk,Imputed_WP
2026-08-28,H1,LA,LA,LA|ST MARY,LA|TERREBONNE,ANR-SE-T,CG-Onshore,37,37.1958,,,12.63,Low,Normal,Imputed_WP
2026-08-28,H1,LA,LA,LA|WEST BATON ROUGE,LA|WEST FELICIANA,FGT-Z2,TETCO-ELA,,,,,,,,Missing_N
2026-08-28,H1,NY,NY,NY|ALBANY,NY|GREENE,Eastern Gas North,Iroquois-Z2,53,48.1085,57.3614,51.8849,47.89,Low,Normal,Full
2026-08-28,H1,NY,NY,NY|ALBANY,NY|SCHOHARIE,Eastern Gas North,Iroquois-Z1,,,57.3614,,,,,Missing_N
2026-08-28,H1,NY,NY,NY|ALLEGANY,NY|LIVINGSTON,Eastern Gas North,TGP-Niagara,,,57.3614,58.1151,,,,Missing_N
2026-08-28,H1,NY,NY,NY|ALLEGANY,NY|STEUBEN,Eastern Gas North,TGP-Niagara,,,57.3614,58.1151,,,,Missing_N
2026-08-28,H1,NY,PA,NY|ALLEGANY,PA|MCKEAN,Eastern Gas North,TGP-Z4 Sta-313,66,62.9233,57.3614,66.4087,69.3,Medium,Normal,Full
2026-08-28,H1,NY,PA,NY|ALLEGANY,PA|POTTER,Eastern Gas North,Eastern Gas South,55,45.2381,57.3614,66.4087,52.46,Medium,Normal,Full
2026-08-28,H1,NY,PA,NY|CHAUTAUQUA,PA|ERIE,TGP-Niagara,TGP-Z4 Sta-219,,,57.3614,58.1151,,,,Missing_N
2026-08-28,H1,NY,NY,NY|CHEMUNG,NY|STEUBEN,Eastern Gas North,TGP-Niagara,,,57.3614,,,,,Missing_N
2026-08-28,H1,NY,PA,NY|CHEMUNG,PA|BRADFORD,Eastern Gas North,TGP-Z4 300L,58,56.746,57.3614,,55.09,Medium,Normal,Imputed_P
2026-08-28,H1,NY,PA,NY|CHEMUNG,PA|TIOGA,Eastern Gas North,Eastern Gas South,49,45.2381,57.3614,,41.23,Low,Normal,Imputed_P
2026-08-28,H1,NY,NY,NY|DUTCHESS,NY|PUTNAM,Iroquois-Z2,AGT-CG (non-G),62,63.6905,57.3614,51.8849,63.33,Medium,Normal,Full
2026-08-28,H1,NY,NY,NY|ERIE,NY|GENESEE,TGP-Niagara,Eastern Gas North,,,57.3614,58.1151,,,,Missing_N
2026-08-28,H1,NY,NY,NY|ERIE,NY|WYOMING,TGP-Niagara,Eastern Gas North,,,57.3614,58.1151,,,,Missing_N
2026-08-28,H1,NY,NY,NY|GENESEE,NY|LIVINGSTON,Eastern Gas North,TGP-Niagara,,,57.3614,58.1151,,,,Missing_N
2026-08-28,H1,NY,NY,NY|GENESEE,NY|NIAGARA,Eastern Gas North,TGP-Niagara,,,57.3614,58.1151,,,,Missing_N
2026-08-28,H1,NY,NY,NY|GREENE,NY|SCHOHARIE,Iroquois-Z2,Iroquois-Z1,,,57.3614,51.8849,,,,Missing_N
2026-08-28,H1,NY,NY,NY|HERKIMER,NY|MONTGOMERY,Iroquois-Z1,Eastern Gas North,,,57.3614,52.877,,,,Missing_N
2026-08-28,H1,NY,NY,NY|LIVINGSTON,NY|WYOMING,TGP-Niagara,Eastern Gas North,,,57.3614,58.1151,,,,Missing_N
2026-08-28,H1,NY,NY,NY|MADISON,NY|ONEIDA,Eastern Gas North,Iroquois-Z1,,,57.3614,52.877,,,,Missing_N
2026-08-28,H1,NY,NY,NY|MONTGOMERY,NY|SCHOHARIE,Eastern Gas North,Iroquois-Z1,,,57.3614,,,,,Missing_N
2026-08-28,H1,NY,NY,NY|SCHUYLER,NY|STEUBEN,Eastern Gas North,TGP-Niagara,,,57.3614,,,,,Missing_N
2026-08-28,H1,NY,PA,NY|STEUBEN,PA|POTTER,TGP-Niagara,Eastern Gas South,,,57.3614,66.4087,,,,Missing_N
2026-08-28,H1,NY,PA,NY|STEUBEN,PA|TIOGA,TGP-Niagara,Eastern Gas South,,,57.3614,,,,,Missing_N
2026-08-28,H1,OH,OH,OH|ATHENS,OH|PERRY,TGP-Z4 Sta-219,TETCO-M2 (receipt),81,72.9101,96.9407,,93.33,High,Expansion_Risk,Imputed_P
2026-08-28,H1,OH,OH,OH|ATHENS,OH|VINTON,TGP-Z4 Sta-219,TETCO-M2 (receipt),81,72.9101,96.9407,,93.33,High,Expansion_Risk,Imputed_P
2026-08-28,H1,OH,OH,OH|ATHENS,OH|WASHINGTON,TGP-Z4 Sta-219,TETCO-M2 (receipt),81,72.9101,96.9407,,93.33,High,Expansion_Risk,Imputed_P
2026-08-28,H1,OH,WV,OH|ATHENS,WV|WOOD,TGP-Z4 Sta-219,Eastern Gas South,74,62.8175,96.9407,,76.84,Medium,Normal,Imputed_P
2026-08-28,H1,OH,OH,OH|CARROLL,OH|HARRISON,TGP-Z4 Sta-219,Eastern Gas South,74,62.8175,96.9407,,76.84,Medium,Normal,Imputed_P
2026-08-28,H1,OH,OH,OH|CARROLL,OH|JEFFERSON,TGP-Z4 Sta-219,TETCO-M2 (receipt),81,72.9101,96.9407,,93.33,High,Expansion_Risk,Imputed_P
2026-08-28,H1,OH,OH,OH|COLUMBIANA,OH|JEFFERSON,TGP-Z4 Sta-219,TETCO-M2 (receipt),81,72.9101,96.9407,,93.33,High,Expansion_Risk,Imputed_P
2026-08-28,H1,OH,PA,OH|COLUMBIANA,PA|BEAVER,TGP-Z4 Sta-219,Eastern Gas South,74,62.8175,96.9407,,76.84,Medium,Normal,Imputed_P
2026-08-28,H1,OH,OH,OH|DARKE,OH|MERCER,TETCO-M2 (receipt),Eastern Gas South,44,24.2328,96.9407,,25.96,Low,Normal,Imputed_P
2026-08-28,H1,OH,OH,OH|FAIRFIELD,OH|PICKAWAY,TETCO-M2 (receipt),Eastern Gas South,44,24.2328,96.9407,,25.96,Low,Normal,Imputed_P
2026-08-28,H1,OH,OH,OH|FAYETTE,OH|PICKAWAY,TETCO-M2 (receipt),Eastern Gas South,44,24.2328,96.9407,,25.96,Low,Normal,Imputed_P
2026-08-28,H1,OH,OH,OH|FRANKLIN,OH|PICKAWAY,TETCO-M2 (receipt),Eastern Gas South,44,24.2328,96.9407,,25.96,Low,Normal,Imputed_P
2026-08-28,H1,OH,OH,OH|GUERNSEY,OH|HARRISON,TGP-Z4 Sta-219,Eastern Gas South,74,62.8175,96.9407,,76.84,Medium,Normal,Imputed_P
2026-08-28,H1,OH,OH,OH|GUERNSEY,OH|MUSKINGUM,TGP-Z4 Sta-219,Eastern Gas South,74,62.8175,96.9407,,76.84,Medium,Normal,Imputed_P
2026-08-28,H1,OH,OH,OH|GUERNSEY,OH|NOBLE,TGP-Z4 Sta-219,Rover (receipt),78,68.3995,96.9407,,85.96,High,Expansion_Risk,Imputed_P
2026-08-28,H1,OH,OH,OH|HARRISON,OH|JEFFERSON,Eastern Gas South,TETCO-M2 (receipt),44,24.2328,96.9407,,25.96,Low,Normal,Imputed_P
2026-08-28,H1,OH,OH,OH|HARRISON,OH|TUSCARAWAS,Eastern Gas South,TGP-Z4 Sta-219,74,62.8175,96.9407,,76.84,Medium,Normal,Imputed_P
2026-08-28,H1,OH,OH,OH|JACKSON,OH|SCIOTO,TGP-Z4 Sta-219,TETCO-M2 (receipt),81,72.9101,96.9407,,93.33,High,Expansion_Risk,Imputed_P
2026-08-28,H1,OH,OH,OH|JACKSON,OH|VINTON,TGP-Z4 Sta-219,TETCO-M2 (receipt),81,72.9101,96.9407,,93.33,High,Expansion_Risk,Imputed_P
2026-08-28,H1,OH,OH,OH|MONROE,OH|NOBLE,TETCO-M2 (receipt),Rover (receipt),61,45.6217,96.9407,,61.58,Medium,Normal,Imputed_P
2026-08-28,H1,OH,WV,OH|MONROE,WV|TYLER,TETCO-M2 (receipt),Eastern Gas South,44,24.2328,96.9407,,25.96,Low,Normal,Imputed_P
2026-08-28,H1,OH,WV,OH|MONROE,WV|WETZEL,TETCO-M2 (receipt),Eastern Gas South,44,24.2328,96.9407,,25.96,Low,Normal,Imputed_P
2026-08-28,H1,OH,OH,OH|MORGAN,OH|MUSKINGUM,TGP-Z4 Sta-219,Eastern Gas South,74,62.8175,96.9407,,76.84,Medium,Normal,Imputed_P
2026-08-28,H1,OH,OH,OH|MORGAN,OH|NOBLE,TGP-Z4 Sta-219,Rover (receipt),78,68.3995,96.9407,,85.96,High,Expansion_Risk,Imputed_P
2026-08-28,H1,OH,OH,OH|MORGAN,OH|PERRY,TGP-Z4 Sta-219,TETCO-M2 (receipt),81,72.9101,96.9407,,93.33,High,Expansion_Risk,Imputed_P
2026-08-28,H1,OH,OH,OH|MORGAN,OH|WASHINGTON,TGP-Z4 Sta-219,TETCO-M2 (receipt),81,72.9101,96.9407,,93.33,High,Expansion_Risk,Imputed_P
2026-08-28,H1,OH,OH,OH|MUSKINGUM,OH|NOBLE,Eastern Gas South,Rover (receipt),45,25.0794,96.9407,,30.0,Low,Normal,Imputed_P
2026-08-28,H1,OH,OH,OH|MUSKINGUM,OH|PERRY,Eastern Gas South,TETCO-M2 (receipt),44,24.2328,96.9407,,25.96,Low,Normal,Imputed_P
2026-08-28,H1,OH,OH,OH|NOBLE,OH|WASHINGTON,Rover (receipt),TETCO-M2 (receipt),61,45.6217,96.9407,,61.58,Medium,Normal,Imputed_P
2026-08-28,H1,OH,WV,OH|WASHINGTON,WV|PLEASANTS,TETCO-M2 (receipt),Eastern Gas South,44,24.2328,96.9407,,25.96,Low,Normal,Imputed_P
2026-08-28,H1,OH,WV,OH|WASHINGTON,WV|TYLER,TETCO-M2 (receipt),Eastern Gas South,44,24.2328,96.9407,,25.96,Low,Normal,Imputed_P
2026-08-28,H1,OH,WV,OH|WASHINGTON,WV|WOOD,TETCO-M2 (receipt),Eastern Gas South,44,24.2328,96.9407,,25.96,Low,Normal,Imputed_P
2026-08-28,H1,OK,OK,OK|ALFALFA,OK|GARFIELD,southern star,Panhandle,69,69.1667,,,72.98,Medium,Normal,Imputed_WP
2026-08-28,H1,OK,OK,OK|ALFALFA,OK|GRANT,southern star,EGT-West,78,78.0238,,,85.96,High,Expansion_Risk,Imputed_WP
2026-08-28,H1,OK,OK,OK|ALFALFA,OK|MAJOR,southern star,Panhandle,69,69.1667,,,72.98,Medium,Normal,Imputed_WP
2026-08-28,H1,OK,OK,OK|ALFALFA,OK|WOODS,southern star,Panhandle,69,69.1667,,,72.98,Medium,Normal,Imputed_WP
2026-08-28,H1,OK,OK,OK|BECKHAM,OK|KIOWA,EGT-West,NGPL-Midcont Pool,78,77.8047,,,85.96,High,Expansion_Risk,Imputed_WP
2026-08-28,H1,OK,OK,OK|BECKHAM,OK|ROGER MILLS,EGT-West,ANR-SW,78,77.6214,,,85.96,High,Expansion_Risk,Imputed_WP
2026-08-28,H1,OK,OK,OK|BECKHAM,OK|WASHITA,EGT-West,NGPL-Midcont Pool,78,77.8047,,,85.96,High,Expansion_Risk,Imputed_WP
2026-08-28,H1,OK,TX,OK|BECKHAM,TX|WHEELER,EGT-West,ANR-SW,76,77.6214,52.7725,75.754,79.82,Medium,Normal,Full
2026-08-28,H1,OK,OK,OK|BLAINE,OK|CADDO,EGT-West,NGPL-Midcont Pool,78,77.8047,,,85.96,High,Expansion_Risk,Imputed_WP
2026-08-28,H1,OK,OK,OK|BLAINE,OK|DEWEY,EGT-West,Panhandle,77,77.0012,,,81.58,Medium,Normal,Imputed_WP
2026-08-28,H1,OK,OK,OK|BLAINE,OK|KINGFISHER,EGT-West,Panhandle,77,77.0012,,,81.58,Medium,Normal,Imputed_WP
2026-08-28,H1,OK,OK,OK|BLAINE,OK|MAJOR,EGT-West,Panhandle,77,77.0012,,,81.58,Medium,Normal,Imputed_WP
2026-08-28,H1,OK,OK,OK|CADDO,OK|COMANCHE,NGPL-Midcont Pool,EGT-West,78,77.8047,,,85.96,High,Expansion_Risk,Imputed_WP
2026-08-28,H1,OK,OK,OK|CADDO,OK|CUSTER,NGPL-Midcont Pool,EGT-West,78,77.8047,,,85.96,High,Expansion_Risk,Imputed_WP
2026-08-28,H1,OK,OK,OK|CADDO,OK|GRADY,NGPL-Midcont Pool,EGT-West,78,77.8047,,,85.96,High,Expansion_Risk,Imputed_WP
2026-08-28,H1,OK,OK,OK|COMANCHE,OK|KIOWA,EGT-West,NGPL-Midcont Pool,78,77.8047,,,85.96,High,Expansion_Risk,Imputed_WP
2026-08-28,H1,OK,OK,OK|CUSTER,OK|DEWEY,EGT-West,Panhandle,77,77.0012,,,81.58,Medium,Normal,Imputed_WP
2026-08-28,H1,OK,OK,OK|CUSTER,OK|ROGER MILLS,EGT-West,ANR-SW,78,77.6214,,,85.96,High,Expansion_Risk,Imputed_WP
2026-08-28,H1,OK,OK,OK|CUSTER,OK|WASHITA,EGT-West,NGPL-Midcont Pool,78,77.8047,,,85.96,High,Expansion_Risk,Imputed_WP
2026-08-28,H1,OK,OK,OK|DEWEY,OK|ROGER MILLS,Panhandle,ANR-SW,52,52.1032,,,45.79,Low,Normal,Imputed_WP
2026-08-28,H1,OK,OK,OK|DEWEY,OK|WOODWARD,Panhandle,NGPL-Midcont Pool,58,57.8439,,,55.09,Medium,Normal,Imputed_WP
2026-08-28,H1,OK,OK,OK|GARFIELD,OK|GRANT,Panhandle,EGT-West,77,77.0012,,,81.58,Medium,Normal,Imputed_WP
2026-08-28,H1,OK,OK,OK|GARFIELD,OK|KAY,Panhandle,EGT-West,77,77.0012,,,81.58,Medium,Normal,Imputed_WP
2026-08-28,H1,OK,OK,OK|GREER,OK|KIOWA,EGT-West,NGPL-Midcont Pool,78,77.8047,,,85.96,High,Expansion_Risk,Imputed_WP
2026-08-28,H1,OK,OK,OK|HARPER,OK|WOODS,ANR-SW,Panhandle,52,52.1032,,,45.79,Low,Normal,Imputed_WP
2026-08-28,H1,OK,OK,OK|HARPER,OK|WOODWARD,ANR-SW,NGPL-Midcont Pool,55,54.5635,,,52.46,Medium,Normal,Imputed_WP
2026-08-28,H1,OK,OK,OK|JACKSON,OK|KIOWA,EGT-West,NGPL-Midcont Pool,78,77.8047,,,85.96,High,Expansion_Risk,Imputed_WP
2026-08-28,H1,OK,OK,OK|MAJOR,OK|WOODWARD,Panhandle,NGPL-Midcont Pool,58,57.8439,,,55.09,Medium,Normal,Imputed_WP
2026-08-28,H1,OK,TX,OK|TEXAS,TX|SHERMAN,Panhandle,TW-Panhandle,29,20.4101,52.7725,,5.61,Low,Normal,Imputed_P
2026-08-28,H1,OK,OK,OK|WOODS,OK|WOODWARD,Panhandle,NGPL-Midcont Pool,58,57.8439,,,55.09,Medium,Normal,Imputed_WP
2026-08-28,H1,PA,PA,PA|ARMSTRONG,PA|INDIANA,Eastern Gas South,TETCO-M3,59,45.8333,72.4665,66.4087,57.89,Medium,Normal,Full
2026-08-28,H1,PA,PA,PA|BEAVER,PA|LAWRENCE,Eastern Gas South,TGP-Z4 Sta-219,67,62.8175,72.4665,,70.53,Medium,Normal,Imputed_P
2026-08-28,H1,PA,PA,PA|BEDFORD,PA|SOMERSET,TETCO-M3,TETCO-M2 (receipt),65,56.2302,72.4665,66.4087,68.25,Medium,Normal,Full
2026-08-28,H1,PA,PA,PA|BLAIR,PA|CLEARFIELD,TETCO-M3,Eastern Gas South,54,45.8333,72.4665,,50.35,Medium,Normal,Imputed_P
2026-08-28,H1,PA,PA,PA|BRADFORD,PA|LYCOMING,TGP-Z4 300L,Leidy-Transco,81,81.1772,77.8203,66.4087,93.33,High,Expansion_Risk,Full
2026-08-28,H1,PA,PA,PA|BRADFORD,PA|TIOGA,TGP-Z4 300L,Eastern Gas South,67,63.0159,72.4665,,70.53,Medium,Normal,Imputed_P
2026-08-28,H1,PA,PA,PA|BRADFORD,PA|WYOMING,TGP-Z4 300L,Leidy-Transco,78,81.1772,72.4665,60.1984,85.96,High,Expansion_Risk,Full
2026-08-28,H1,PA,PA,PA|BUCKS,PA|NORTHAMPTON,TETCO-M3,Leidy-Transco,50,33.2407,72.4665,61.2434,42.98,Low,Normal,Full
2026-08-28,H1,PA,PA,PA|BUTLER,PA|LAWRENCE,Eastern Gas South,TGP-Z4 Sta-219,69,62.8175,72.4665,66.4087,72.98,Medium,Normal,Full
2026-08-28,H1,PA,PA,PA|BUTLER,PA|MERCER,Eastern Gas South,TGP-Z4 Sta-219,69,62.8175,72.4665,66.4087,72.98,Medium,Normal,Full
2026-08-28,H1,PA,PA,PA|BUTLER,PA|VENANGO,Eastern Gas South,TGP-Z4 Sta-219,69,62.8175,72.4665,66.4087,72.98,Medium,Normal,Full
2026-08-28,H1,PA,PA,PA|CAMBRIA,PA|CLEARFIELD,TETCO-M3,Eastern Gas South,54,45.8333,72.4665,,50.35,Medium,Normal,Imputed_P
2026-08-28,H1,PA,PA,PA|CAMBRIA,PA|SOMERSET,TETCO-M3,TETCO-M2 (receipt),65,56.2302,72.4665,66.4087,68.25,Medium,Normal,Full
2026-08-28,H1,PA,PA,PA|CAMBRIA,PA|WESTMORELAND,TETCO-M3,Eastern Gas South,59,45.8333,72.4665,66.4087,57.89,Medium,Normal,Full
2026-08-28,H1,PA,PA,PA|CENTRE,PA|CLEARFIELD,TETCO-M3,Eastern Gas South,59,45.8333,72.4665,66.4087,57.89,Medium,Normal,Full
2026-08-28,H1,PA,PA,PA|CENTRE,PA|CLINTON,TETCO-M3,Leidy-Transco,51,33.2407,72.4665,66.4087,44.21,Low,Normal,Full
2026-08-28,H1,PA,PA,PA|CLARION,PA|FOREST,Eastern Gas South,TGP-Z4 Sta-313,64,55.1323,72.4665,66.4087,66.67,Medium,Normal,Full
2026-08-28,H1,PA,PA,PA|CLARION,PA|VENANGO,Eastern Gas South,TGP-Z4 Sta-219,69,62.8175,72.4665,66.4087,72.98,Medium,Normal,Full
2026-08-28,H1,PA,PA,PA|CLEARFIELD,PA|CLINTON,Eastern Gas South,Leidy-Transco,69,63.3862,72.4665,66.4087,72.98,Medium,Normal,Full
2026-08-28,H1,PA,PA,PA|CLEARFIELD,PA|INDIANA,Eastern Gas South,TETCO-M3,54,45.8333,72.4665,,50.35,Medium,Normal,Imputed_P
2026-08-28,H1,PA,PA,PA|CLINTON,PA|POTTER,Leidy-Transco,Eastern Gas South,69,63.3862,72.4665,66.4087,72.98,Medium,Normal,Full
2026-08-28,H1,PA,PA,PA|ELK,PA|FOREST,Eastern Gas South,TGP-Z4 Sta-313,64,55.1323,72.4665,66.4087,66.67,Medium,Normal,Full
2026-08-28,H1,PA,PA,PA|ELK,PA|MCKEAN,Eastern Gas South,TGP-Z4 Sta-313,64,55.1323,72.4665,66.4087,66.67,Medium,Normal,Full
2026-08-28,H1,PA,PA,PA|FAYETTE,PA|WASHINGTON,TETCO-M2 (receipt),Eastern Gas South,46,24.2328,72.4665,66.4087,32.81,Low,Normal,Full
2026-08-28,H1,PA,PA,PA|FAYETTE,PA|WESTMORELAND,TETCO-M2 (receipt),Eastern Gas South,46,24.2328,72.4665,66.4087,32.81,Low,Normal,Full
2026-08-28,H1,PA,PA,PA|FOREST,PA|JEFFERSON,TGP-Z4 Sta-313,Eastern Gas South,61,55.1323,72.4665,,61.58,Medium,Normal,Imputed_P
2026-08-28,H1,PA,PA,PA|FOREST,PA|VENANGO,TGP-Z4 Sta-313,TGP-Z4 Sta-219,68,64.9471,72.4665,,71.23,Medium,Normal,Imputed_P
2026-08-28,H1,PA,PA,PA|GREENE,PA|WASHINGTON,TETCO-M2 (receipt),Eastern Gas South,46,24.2328,72.4665,66.4087,32.81,Low,Normal,Full
2026-08-28,H1,PA,WV,PA|GREENE,WV|WETZEL,TETCO-M2 (receipt),Eastern Gas South,46,24.2328,72.4665,66.4087,32.81,Low,Normal,Full
2026-08-28,H1,PA,PA,PA|INDIANA,PA|JEFFERSON,TETCO-M3,Eastern Gas South,54,45.8333,72.4665,,50.35,Medium,Normal,Imputed_P
2026-08-28,H1,PA,PA,PA|INDIANA,PA|WESTMORELAND,TETCO-M3,Eastern Gas South,59,45.8333,72.4665,66.4087,57.89,Medium,Normal,Full
2026-08-28,H1,PA,PA,PA|LUZERNE,PA|MONROE,Leidy-Transco,Transco-Z6 (non-NY),51,35.7538,72.4665,61.2434,44.21,Low,Normal,Full
2026-08-28,H1,PA,PA,PA|LYCOMING,PA|POTTER,Leidy-Transco,Eastern Gas South,71,63.3862,77.8203,66.4087,75.09,Medium,Normal,Full
2026-08-28,H1,PA,PA,PA|LYCOMING,PA|TIOGA,Leidy-Transco,Eastern Gas South,71,63.3862,77.8203,66.4087,75.09,Medium,Normal,Full
2026-08-28,H1,PA,PA,PA|MCKEAN,PA|POTTER,TGP-Z4 Sta-313,Eastern Gas South,64,55.1323,72.4665,66.4087,66.67,Medium,Normal,Full
2026-08-28,H1,PA,PA,PA|MONROE,PA|NORTHAMPTON,Transco-Z6 (non-NY),Leidy-Transco,51,35.7538,72.4665,61.2434,44.21,Low,Normal,Full
2026-08-28,H1,PA,PA,PA|MONROE,PA|PIKE,Transco-Z6 (non-NY),TGP-Z4 300L,44,23.8621,72.4665,61.2434,25.96,Low,Normal,Full
2026-08-28,H1,PA,PA,PA|MONROE,PA|WAYNE,Transco-Z6 (non-NY),TGP-Z4 300L,44,23.8621,72.4665,61.2434,25.96,Low,Normal,Full
2026-08-28,H1,PA,PA,PA|SOMERSET,PA|WESTMORELAND,TETCO-M2 (receipt),Eastern Gas South,46,24.2328,72.4665,66.4087,32.81,Low,Normal,Full
2026-08-28,H1,PA,PA,PA|SUSQUEHANNA,PA|WYOMING,TGP-Z4 300L,Leidy-Transco,78,81.1772,72.4665,60.1984,85.96,High,Expansion_Risk,Full
2026-08-28,H1,PA,WV,PA|WASHINGTON,WV|MARSHALL,Eastern Gas South,TETCO-M2 (receipt),46,24.2328,72.4665,66.4087,32.81,Low,Normal,Full
2026-08-28,H1,TN,TN,TN|CHEATHAM,TN|DAVIDSON,TGP-Z1 100L,CG-Mainline,58,46.0053,86.4245,,55.09,Medium,Normal,Imputed_P
2026-08-28,H1,TN,TN,TN|CHEATHAM,TN|WILLIAMSON,TGP-Z1 100L,CG-Mainline,59,46.0053,88.3365,,57.89,Medium,Normal,Imputed_P
2026-08-28,H1,TN,TN,TN|CHESTER,TN|HARDIN,TGP-Z1 100L,TGP-Z1 800L Pool,,,88.3365,,,,,Missing_N
2026-08-28,H1,TN,TN,TN|CHESTER,TN|MADISON,TGP-Z1 100L,TGT-Mainline,52,36.9841,88.3365,,45.79,Low,Normal,Imputed_P
2026-08-28,H1,TN,TN,TN|DAVIDSON,TN|ROBERTSON,CG-Mainline,TGP-Z1 100L,58,46.0053,86.4245,,55.09,Medium,Normal,Imputed_P
2026-08-28,H1,TN,TN,TN|DAVIDSON,TN|RUTHERFORD,CG-Mainline,TETCO-M1 30,79,73.7169,86.4245,,89.47,High,Expansion_Risk,Imputed_P
2026-08-28,H1,TN,TN,TN|DAVIDSON,TN|SUMNER,CG-Mainline,TGP-Z1 Sta-87,58,46.2566,86.4245,,55.09,Medium,Normal,Imputed_P
2026-08-28,H1,TN,TN,TN|DECATUR,TN|HARDIN,TGP-Z1 100L,TGP-Z1 800L Pool,,,88.3365,,,,,Missing_N
2026-08-28,H1,TN,TN,TN|DECATUR,TN|WAYNE,TGP-Z1 100L,TGP-500L,90,87.7778,88.3365,,99.12,High,Expansion_Risk,Imputed_P
2026-08-28,H1,TN,TN,TN|DICKSON,TN|WILLIAMSON,TGP-Z1 100L,CG-Mainline,59,46.0053,88.3365,,57.89,Medium,Normal,Imputed_P
2026-08-28,H1,TN,TN,TN|DYER,TN|GIBSON,Trunkline-Z1A,TGT-Mainline,49,33.3995,88.3365,,41.23,Low,Normal,Imputed_P
2026-08-28,H1,TN,TN,TN|DYER,TN|LAUDERDALE,Trunkline-Z1A,TGT-Mainline,49,33.3995,88.3365,,41.23,Low,Normal,Imputed_P
2026-08-28,H1,TN,TN,TN|FAYETTE,TN|HARDEMAN,Trunkline-Z1A,TGP-Z1 100L,50,35.3175,88.3365,,42.98,Low,Normal,Imputed_P
2026-08-28,H1,TN,TN,TN|FAYETTE,TN|HAYWOOD,Trunkline-Z1A,TGT-Mainline,49,33.3995,88.3365,,41.23,Low,Normal,Imputed_P
2026-08-28,H1,TN,TN,TN|FAYETTE,TN|SHELBY,Trunkline-Z1A,TGT-Mainline,49,33.3995,88.3365,,41.23,Low,Normal,Imputed_P
2026-08-28,H1,TN,TN,TN|FAYETTE,TN|TIPTON,Trunkline-Z1A,TGT-Mainline,49,33.3995,88.3365,,41.23,Low,Normal,Imputed_P
2026-08-28,H1,TN,TN,TN|HARDEMAN,TN|HAYWOOD,TGP-Z1 100L,TGT-Mainline,52,36.9841,88.3365,,45.79,Low,Normal,Imputed_P
2026-08-28,H1,TN,TN,TN|HARDEMAN,TN|MADISON,TGP-Z1 100L,TGT-Mainline,52,36.9841,88.3365,,45.79,Low,Normal,Imputed_P
2026-08-28,H1,TN,TN,TN|HARDIN,TN|HENDERSON,TGP-Z1 800L Pool,TGP-Z1 100L,,,88.3365,,,,,Missing_N
2026-08-28,H1,TN,TN,TN|HARDIN,TN|MCNAIRY,TGP-Z1 800L Pool,TGP-Z1 100L,,,88.3365,,,,,Missing_N
2026-08-28,H1,TN,TN,TN|HARDIN,TN|WAYNE,TGP-Z1 800L Pool,TGP-500L,,,88.3365,,,,,Missing_N
2026-08-28,H1,TN,TN,TN|HENDERSON,TN|MADISON,TGP-Z1 100L,TGT-Mainline,52,36.9841,88.3365,,45.79,Low,Normal,Imputed_P
2026-08-28,H1,TN,TN,TN|HICKMAN,TN|MAURY,TGP-Z1 100L,TETCO-M1 30,54,40.0265,88.3365,,50.35,Medium,Normal,Imputed_P
2026-08-28,H1,TN,TN,TN|HICKMAN,TN|WILLIAMSON,TGP-Z1 100L,CG-Mainline,59,46.0053,88.3365,,57.89,Medium,Normal,Imputed_P
2026-08-28,H1,TN,TN,TN|LAWRENCE,TN|WAYNE,TETCO-M1 30,TGP-500L,91,88.8492,88.3365,,99.82,High,Expansion_Risk,Imputed_P
2026-08-28,H1,TN,TN,TN|MACON,TN|SUMNER,TETCO-M1 30,TGP-Z1 Sta-87,54,39.6958,88.3365,,50.35,Medium,Normal,Imputed_P
2026-08-28,H1,TN,TN,TN|MACON,TN|TROUSDALE,TETCO-M1 30,CG-Mainline,80,73.7169,88.3365,,90.7,High,Expansion_Risk,Imputed_P
2026-08-28,H1,TN,TN,TN|MAURY,TN|WILLIAMSON,TETCO-M1 30,CG-Mainline,80,73.7169,88.3365,,90.7,High,Expansion_Risk,Imputed_P
2026-08-28,H1,TN,TN,TN|PERRY,TN|WAYNE,TGP-Z1 100L,TGP-500L,90,87.7778,88.3365,,99.12,High,Expansion_Risk,Imputed_P
2026-08-28,H1,TN,TN,TN|ROBERTSON,TN|SUMNER,TGP-Z1 100L,TGP-Z1 Sta-87,38,18.5185,88.3365,,13.16,Low,Normal,Imputed_P
2026-08-28,H1,TN,TN,TN|RUTHERFORD,TN|WILLIAMSON,TETCO-M1 30,CG-Mainline,80,73.7169,88.3365,,90.7,High,Expansion_Risk,Imputed_P
2026-08-28,H1,TN,TN,TN|RUTHERFORD,TN|WILSON,TETCO-M1 30,CG-Mainline,80,73.7169,88.3365,,90.7,High,Expansion_Risk,Imputed_P
2026-08-28,H1,TN,TN,TN|SUMNER,TN|TROUSDALE,TGP-Z1 Sta-87,CG-Mainline,59,46.2566,88.3365,,57.89,Medium,Normal,Imputed_P
2026-08-28,H1,TN,TN,TN|SUMNER,TN|WILSON,TGP-Z1 Sta-87,CG-Mainline,59,46.2566,88.3365,,57.89,Medium,Normal,Imputed_P
2026-08-28,H1,TX,TX,TX|ANDREWS,TX|WINKLER,NNG-Mid 1-7,TW-WTX,,,52.7725,75.754,,,,Missing_N
2026-08-28,H1,TX,TX,TX|ANGELINA,TX|JASPER,TETCO-ETX,Transco-45,47,26.4815,52.7725,81.9511,37.37,Low,Normal,Full
2026-08-28,H1,TX,TX,TX|ANGELINA,TX|POLK,TETCO-ETX,NGPL-TXOK East,43,19.1931,52.7725,81.9511,21.4,Low,Normal,Full
2026-08-28,H1,TX,TX,TX|ANGELINA,TX|TYLER,TETCO-ETX,TGP-Z0 South,53,36.2831,52.7725,81.9511,47.89,Low,Normal,Full
2026-08-28,H1,TX,TX,TX|AUSTIN,TX|FORT BEND,TETCO-STX,NGPL-STX,41,17.9233,52.7725,78.6376,17.37,Low,Normal,Full
2026-08-28,H1,TX,TX,TX|AUSTIN,TX|WALLER,TETCO-STX,TGP-Z0 South,45,24.7619,52.7725,78.6376,30.0,Low,Normal,Full
2026-08-28,H1,TX,TX,TX|AUSTIN,TX|WHARTON,TETCO-STX,TGP-Z0 Border Pool,46,26.746,52.7725,78.6376,32.81,Low,Normal,Full
2026-08-28,H1,TX,TX,TX|BEE,TX|REFUGIO,TETCO-STX,TGP-Z0 Border Pool,47,26.746,52.7725,79.2659,37.37,Low,Normal,Full
2026-08-28,H1,TX,TX,TX|BEE,TX|SAN PATRICIO,TETCO-STX,TGP-Z0 Border Pool,47,26.746,52.7725,79.2659,37.37,Low,Normal,Full
2026-08-28,H1,TX,TX,TX|BOWIE,TX|CASS,EGT-South,NGPL-TXOK East,,,52.7725,,,,,Missing_N
2026-08-28,H1,TX,TX,TX|BRAZORIA,TX|FORT BEND,TETCO-STX,NGPL-STX,41,17.9233,52.7725,78.6376,17.37,Low,Normal,Full
2026-08-28,H1,TX,TX,TX|BRAZORIA,TX|GALVESTON,TETCO-STX,FGT-Z1,,,52.7725,78.6376,,,,Missing_N
2026-08-28,H1,TX,TX,TX|BRAZORIA,TX|MATAGORDA,TETCO-STX,Transco-30,53,37.7646,52.7725,79.2659,47.89,Low,Normal,Full
2026-08-28,H1,TX,TX,TX|BRAZORIA,TX|WHARTON,TETCO-STX,TGP-Z0 Border Pool,46,26.746,52.7725,78.6376,32.81,Low,Normal,Full
2026-08-28,H1,TX,TX,TX|BROOKS,TX|DUVAL,TGP-Z0 Border Pool,TETCO-STX,47,26.746,52.7725,79.2659,37.37,Low,Normal,Full
2026-08-28,H1,TX,TX,TX|BROOKS,TX|HIDALGO,TGP-Z0 Border Pool,TETCO-STX,47,26.746,52.7725,79.2659,37.37,Low,Normal,Full
2026-08-28,H1,TX,TX,TX|BROOKS,TX|JIM HOGG,TGP-Z0 Border Pool,NGPL-STX,61,50.4101,52.7725,79.2659,61.58,Medium,Normal,Full
2026-08-28,H1,TX,TX,TX|BROOKS,TX|JIM WELLS,TGP-Z0 Border Pool,NGPL-STX,61,50.4101,52.7725,79.2659,61.58,Medium,Normal,Full
2026-08-28,H1,TX,TX,TX|BROOKS,TX|KENEDY,TGP-Z0 Border Pool,TETCO-STX,47,26.746,52.7725,79.2659,37.37,Low,Normal,Full
2026-08-28,H1,TX,TX,TX|BROOKS,TX|KLEBERG,TGP-Z0 Border Pool,TETCO-STX,47,26.746,52.7725,79.2659,37.37,Low,Normal,Full
2026-08-28,H1,TX,TX,TX|CALHOUN,TX|MATAGORDA,TETCO-STX,Transco-30,53,37.7646,52.7725,79.2659,47.89,Low,Normal,Full
2026-08-28,H1,TX,TX,TX|CALHOUN,TX|REFUGIO,TETCO-STX,TGP-Z0 Border Pool,47,26.746,52.7725,79.2659,37.37,Low,Normal,Full
2026-08-28,H1,TX,TX,TX|CALHOUN,TX|VICTORIA,TETCO-STX,TGP-Z0 Border Pool,47,26.746,52.7725,79.2659,37.37,Low,Normal,Full
2026-08-28,H1,TX,TX,TX|CARSON,TX|HUTCHINSON,TW-Panhandle,NGPL-Midcont Pool,40,17.4603,52.7725,75.754,15.26,Low,Normal,Full
2026-08-28,H1,TX,TX,TX|CASS,TX|MARION,NGPL-TXOK East,EGT-South,,,52.7725,,,,,Missing_N
2026-08-28,H1,TX,TX,TX|CASS,TX|MORRIS,NGPL-TXOK East,EGT-South,,,52.7725,,,,,Missing_N
2026-08-28,H1,TX,TX,TX|CASTRO,TX|HALE,TW-Panhandle,NNG-Mid 1-7,,,52.7725,75.754,,,,Missing_N
2026-08-28,H1,TX,TX,TX|CHAMBERS,TX|GALVESTON,TETCO-STX,FGT-Z1,,,52.7725,78.6376,,,,Missing_N
2026-08-28,H1,TX,TX,TX|CHAMBERS,TX|JEFFERSON,TETCO-STX,Golden Triangle,,,52.7725,78.6376,,,,Missing_N
2026-08-28,H1,TX,TX,TX|CHAMBERS,TX|LIBERTY,TETCO-STX,NGPL-TXOK East,46,26.2302,52.7725,78.6376,32.81,Low,Normal,Full
2026-08-28,H1,TX,TX,TX|COLORADO,TX|WHARTON,TETCO-STX,TGP-Z0 Border Pool,46,26.746,52.7725,78.6376,32.81,Low,Normal,Full
2026-08-28,H1,TX,TX,TX|DEWITT,TX|VICTORIA,TETCO-STX,TGP-Z0 Border Pool,34,26.746,52.7725,,9.12,Low,Normal,Imputed_P
2026-08-28,H1,TX,TX,TX|DUVAL,TX|JIM HOGG,TETCO-STX,NGPL-STX,41,17.9233,52.7725,79.2659,17.37,Low,Normal,Full
2026-08-28,H1,TX,TX,TX|DUVAL,TX|JIM WELLS,TETCO-STX,NGPL-STX,41,17.9233,52.7725,79.2659,17.37,Low,Normal,Full
2026-08-28,H1,TX,TX,TX|FORT BEND,TX|HARRIS,NGPL-STX,TETCO-STX,38,17.9233,,78.6376,13.16,Low,Normal,Imputed_W
2026-08-28,H1,TX,TX,TX|FORT BEND,TX|WALLER,NGPL-STX,TGP-Z0 South,60,49.1667,52.7725,78.6376,59.82,Medium,Normal,Full
2026-08-28,H1,TX,TX,TX|FORT BEND,TX|WHARTON,NGPL-STX,TGP-Z0 Border Pool,61,50.4101,52.7725,78.6376,61.58,Medium,Normal,Full
2026-08-28,H1,TX,TX,TX|GALVESTON,TX|HARRIS,FGT-Z1,TETCO-STX,,,,78.6376,,,,Missing_N
2026-08-28,H1,TX,TX,TX|GOLIAD,TX|REFUGIO,TETCO-STX,TGP-Z0 Border Pool,47,26.746,52.7725,79.2659,37.37,Low,Normal,Full
2026-08-28,H1,TX,TX,TX|GOLIAD,TX|VICTORIA,TETCO-STX,TGP-Z0 Border Pool,34,26.746,52.7725,,9.12,Low,Normal,Imputed_P
2026-08-28,H1,TX,TX,TX|GRAY,TX|WHEELER,TW-Panhandle,ANR-SW,39,15.9392,52.7725,75.754,14.21,Low,Normal,Full
2026-08-28,H1,TX,TX,TX|GREGG,TX|HARRISON,EGT-South,NGPL-TXOK East,,,52.7725,,,,,Missing_N
2026-08-28,H1,TX,TX,TX|GREGG,TX|RUSK,EGT-South,TETCO-ETX,,,52.7725,81.9511,,,,Missing_N
2026-08-28,H1,TX,TX,TX|GREGG,TX|SMITH,EGT-South,NGPL-TXOK East,,,52.7725,81.9511,,,,Missing_N
2026-08-28,H1,TX,TX,TX|HANSFORD,TX|HUTCHINSON,Panhandle,NGPL-Midcont Pool,57,57.8439,52.7725,,53.51,Medium,Normal,Imputed_P
2026-08-28,H1,TX,TX,TX|HANSFORD,TX|ROBERTS,Panhandle,TW-Panhandle,42,20.4101,52.7725,75.754,19.65,Low,Normal,Full
2026-08-28,H1,TX,TX,TX|HANSFORD,TX|SHERMAN,Panhandle,TW-Panhandle,29,20.4101,52.7725,,5.61,Low,Normal,Imputed_P
2026-08-28,H1,TX,TX,TX|HARDIN,TX|JEFFERSON,Transco-45,Golden Triangle,,,52.7725,,,,,Missing_N
2026-08-28,H1,TX,TX,TX|HARDIN,TX|LIBERTY,Transco-45,NGPL-TXOK East,39,33.4127,52.7725,,14.21,Low,Normal,Imputed_P
2026-08-28,H1,TX,TX,TX|HARDIN,TX|ORANGE,Transco-45,Golden Triangle,,,52.7725,,,,,Missing_N
2026-08-28,H1,TX,TX,TX|HARDIN,TX|POLK,Transco-45,NGPL-TXOK East,39,33.4127,52.7725,,14.21,Low,Normal,Imputed_P
2026-08-28,H1,TX,TX,TX|HARDIN,TX|TYLER,Transco-45,TGP-Z0 South,36,28.7434,52.7725,,11.23,Low,Normal,Imputed_P
2026-08-28,H1,TX,TX,TX|HARRIS,TX|LIBERTY,TETCO-STX,NGPL-TXOK East,44,26.2302,,78.6376,25.96,Low,Normal,Imputed_W
2026-08-28,H1,TX,TX,TX|HARRIS,TX|WALLER,TETCO-STX,TGP-Z0 South,43,24.7619,,78.6376,21.4,Low,Normal,Imputed_W
2026-08-28,H1,TX,TX,TX|HARRISON,TX|MARION,NGPL-TXOK East,EGT-South,,,52.7725,,,,,Missing_N
2026-08-28,H1,TX,TX,TX|HARRISON,TX|PANOLA,NGPL-TXOK East,Carthage,33,25.291,52.7725,,7.72,Low,Normal,Imputed_P
2026-08-28,H1,TX,TX,TX|HARRISON,TX|RUSK,NGPL-TXOK East,TETCO-ETX,43,19.1931,52.7725,81.9511,21.4,Low,Normal,Full
2026-08-28,H1,TX,TX,TX|HARRISON,TX|UPSHUR,NGPL-TXOK East,EGT-South,,,52.7725,,,,,Missing_N
2026-08-28,H1,TX,TX,TX|HIDALGO,TX|STARR,TETCO-STX,TGP-Z0 Border Pool,47,26.746,52.7725,79.2659,37.37,Low,Normal,Full
2026-08-28,H1,TX,TX,TX|HUTCHINSON,TX|ROBERTS,NGPL-Midcont Pool,TW-Panhandle,40,17.4603,52.7725,75.754,15.26,Low,Normal,Full
2026-08-28,H1,TX,TX,TX|HUTCHINSON,TX|SHERMAN,NGPL-Midcont Pool,TW-Panhandle,27,17.4603,52.7725,,4.04,Low,Normal,Imputed_P
2026-08-28,H1,TX,TX,TX|JACKSON,TX|MATAGORDA,TETCO-STX,Transco-30,53,37.7646,52.7725,79.2659,47.89,Low,Normal,Full
2026-08-28,H1,TX,TX,TX|JACKSON,TX|VICTORIA,TETCO-STX,TGP-Z0 Border Pool,34,26.746,52.7725,,9.12,Low,Normal,Imputed_P
2026-08-28,H1,TX,TX,TX|JACKSON,TX|WHARTON,TETCO-STX,TGP-Z0 Border Pool,46,26.746,52.7725,78.6376,32.81,Low,Normal,Full
2026-08-28,H1,TX,TX,TX|JASPER,TX|NEWTON,Transco-45,TETCO-WLA,47,44.4312,52.7725,,37.37,Low,Normal,Imputed_P
2026-08-28,H1,TX,TX,TX|JASPER,TX|ORANGE,Transco-45,Golden Triangle,,,52.7725,,,,,Missing_N
2026-08-28,H1,TX,TX,TX|JASPER,TX|SABINE,Transco-45,TGP-Z0 South,36,28.7434,52.7725,,11.23,Low,Normal,Imputed_P
2026-08-28,H1,TX,TX,TX|JASPER,TX|SAN AUGUSTINE,Transco-45,TETCO-ETX,34,26.4815,52.7725,,9.12,Low,Normal,Imputed_P
2026-08-28,H1,TX,TX,TX|JASPER,TX|TYLER,Transco-45,TGP-Z0 South,36,28.7434,52.7725,,11.23,Low,Normal,Imputed_P
2026-08-28,H1,TX,TX,TX|JEFFERSON,TX|LIBERTY,Golden Triangle,NGPL-TXOK East,,,52.7725,,,,,Missing_N
2026-08-28,H1,TX,TX,TX|JIM HOGG,TX|STARR,NGPL-STX,TGP-Z0 Border Pool,61,50.4101,52.7725,79.2659,61.58,Medium,Normal,Full
2026-08-28,H1,TX,TX,TX|JIM WELLS,TX|KLEBERG,NGPL-STX,TETCO-STX,41,17.9233,52.7725,79.2659,17.37,Low,Normal,Full
2026-08-28,H1,TX,TX,TX|JIM WELLS,TX|LIVE OAK,NGPL-STX,TETCO-STX,41,17.9233,52.7725,79.2659,17.37,Low,Normal,Full
2026-08-28,H1,TX,TX,TX|JIM WELLS,TX|NUECES,NGPL-STX,TGP-Z0 Border Pool,62,50.4101,60.2294,79.2659,63.33,Medium,Normal,Full
2026-08-28,H1,TX,TX,TX|JIM WELLS,TX|SAN PATRICIO,NGPL-STX,TGP-Z0 Border Pool,61,50.4101,52.7725,79.2659,61.58,Medium,Normal,Full
2026-08-28,H1,TX,TX,TX|KLEBERG,TX|NUECES,TETCO-STX,TGP-Z0 Border Pool,48,26.746,60.2294,79.2659,40.0,Low,Normal,Full
2026-08-28,H1,TX,TX,TX|LAVACA,TX|VICTORIA,TETCO-STX,TGP-Z0 Border Pool,34,26.746,52.7725,,9.12,Low,Normal,Imputed_P
2026-08-28,H1,TX,TX,TX|LIBERTY,TX|MONTGOMERY,NGPL-TXOK East,TETCO-STX,44,26.2302,,78.6376,25.96,Low,Normal,Imputed_W
2026-08-28,H1,TX,TX,TX|LIBERTY,TX|SAN JACINTO,NGPL-TXOK East,TGP-Z0 South,44,40.3836,52.7725,,25.96,Low,Normal,Imputed_P
2026-08-28,H1,TX,TX,TX|LIVE OAK,TX|SAN PATRICIO,TETCO-STX,TGP-Z0 Border Pool,47,26.746,52.7725,79.2659,37.37,Low,Normal,Full
2026-08-28,H1,TX,TX,TX|LOVING,TX|REEVES,TW-WTX,NNG-Mid 1-7,,,52.7725,75.754,,,,Missing_N
2026-08-28,H1,TX,TX,TX|LOVING,TX|WARD,TW-WTX,Oasis - Waha Pool,55,41.5608,52.7725,75.754,52.46,Medium,Normal,Full
2026-08-28,H1,TX,TX,TX|MATAGORDA,TX|WHARTON,Transco-30,TGP-Z0 Border Pool,53,37.2222,52.7725,79.2659,47.89,Low,Normal,Full
2026-08-28,H1,TX,TX,TX|MONTGOMERY,TX|SAN JACINTO,TETCO-STX,TGP-Z0 South,43,24.7619,,78.6376,21.4,Low,Normal,Imputed_W
2026-08-28,H1,TX,TX,TX|MONTGOMERY,TX|WALLER,TETCO-STX,TGP-Z0 South,43,24.7619,,78.6376,21.4,Low,Normal,Imputed_W
2026-08-28,H1,TX,TX,TX|NEWTON,TX|ORANGE,TETCO-WLA,Golden Triangle,,,52.7725,,,,,Missing_N
2026-08-28,H1,TX,TX,TX|NEWTON,TX|SABINE,TETCO-WLA,TGP-Z0 South,31,22.5,52.7725,,7.02,Low,Normal,Imputed_P
2026-08-28,H1,TX,TX,TX|PANOLA,TX|RUSK,Carthage,TETCO-ETX,43,19.2989,52.7725,81.9511,21.4,Low,Normal,Full
2026-08-28,H1,TX,TX,TX|PANOLA,TX|SHELBY,Carthage,TETCO-ETX,29,19.2989,52.7725,,5.61,Low,Normal,Imputed_P
2026-08-28,H1,TX,TX,TX|PECOS,TX|WARD,NNG-Mid 1-7,Oasis - Waha Pool,,,52.7725,75.754,,,,Missing_N
2026-08-28,H1,TX,TX,TX|POLK,TX|SAN JACINTO,NGPL-TXOK East,TGP-Z0 South,44,40.3836,52.7725,,25.96,Low,Normal,Imputed_P
2026-08-28,H1,TX,TX,TX|POLK,TX|TYLER,NGPL-TXOK East,TGP-Z0 South,44,40.3836,52.7725,,25.96,Low,Normal,Imputed_P
2026-08-28,H1,TX,TX,TX|REEVES,TX|WARD,NNG-Mid 1-7,Oasis - Waha Pool,,,52.7725,75.754,,,,Missing_N
2026-08-28,H1,TX,TX,TX|ROBERTS,TX|WHEELER,TW-Panhandle,ANR-SW,39,15.9392,52.7725,75.754,14.21,Low,Normal,Full
2026-08-28,H1,TX,TX,TX|RUSK,TX|SMITH,TETCO-ETX,NGPL-TXOK East,43,19.1931,52.7725,81.9511,21.4,Low,Normal,Full
2026-08-28,H1,TX,TX,TX|SABINE,TX|SAN AUGUSTINE,TGP-Z0 South,TETCO-ETX,41,36.2831,52.7725,,17.37,Low,Normal,Imputed_P
2026-08-28,H1,TX,TX,TX|SABINE,TX|SHELBY,TGP-Z0 South,TETCO-ETX,41,36.2831,52.7725,,17.37,Low,Normal,Imputed_P
2026-08-28,H1,TX,TX,TX|SAN JACINTO,TX|WALKER,TGP-Z0 South,TETCO-STX,33,24.7619,52.7725,,7.72,Low,Normal,Imputed_P
2026-08-28,H1,TX,TX,TX|SMITH,TX|UPSHUR,NGPL-TXOK East,EGT-South,,,52.7725,81.9511,,,,Missing_N
2026-08-28,H1,TX,TX,TX|SMITH,TX|WOOD,NGPL-TXOK East,EGT-South,,,52.7725,81.9511,,,,Missing_N
2026-08-28,H1,TX,TX,TX|WARD,TX|WINKLER,Oasis - Waha Pool,TW-WTX,55,41.5608,52.7725,75.754,52.46,Medium,Normal,Full
2026-08-28,H1,WV,WV,WV|MARSHALL,WV|WETZEL,TETCO-M2 (receipt),Eastern Gas South,24,24.2328,,,1.05,Low,Normal,Imputed_WP
2026-08-28,H2,IL,IL,IL|COOK,IL|WILL,NGPL-NICOR,ANR-Joliet Hub,,,,,,,,Missing_N
2026-08-28,H2,IL,IN,IL|COOK,IN|LAKE,NGPL-NICOR,ANR-Joliet Hub,,,,,,,,Missing_N
2026-08-28,H2,IL,IL,IL|DEKALB,IL|KENDALL,NGPL-NICOR,ANR-Joliet Hub,,,,76.2963,,,,Missing_N
2026-08-28,H2,IL,IL,IL|DOUGLAS,IL|EDGAR,REX E-Trunk,REX E-MidW,82,80.1323,,76.2963,95.61,High,Expansion_Risk,Imputed_W
2026-08-28,H2,IL,IL,IL|DOUGLAS,IL|MOULTRIE,REX E-Trunk,REX E-NGPL,82,79.8545,,76.2963,95.61,High,Expansion_Risk,Imputed_W
2026-08-28,H2,IL,IL,IL|DOUGLAS,IL|PIATT,REX E-Trunk,NGPL-NICOR,71,64.3254,,76.2963,75.09,Medium,Normal,Imputed_W
2026-08-28,H2,IL,IL,IL|DUPAGE,IL|KENDALL,NGPL-NICOR,ANR-Joliet Hub,,,,76.2963,,,,Missing_N
2026-08-28,H2,IL,IL,IL|DUPAGE,IL|WILL,NGPL-NICOR,ANR-Joliet Hub,,,,,,,,Missing_N
2026-08-28,H2,IL,IN,IL|EDGAR,IN|VERMILLION,REX E-MidW,TETCO-M2 (receipt),76,72.4603,,76.2963,79.82,Medium,Normal,Imputed_W
2026-08-28,H2,IL,IL,IL|GRUNDY,IL|KENDALL,NGPL-NICOR,ANR-Joliet Hub,,,,76.2963,,,,Missing_N
2026-08-28,H2,IL,IL,IL|GRUNDY,IL|WILL,NGPL-NICOR,ANR-Joliet Hub,,,,,,,,Missing_N
2026-08-28,H2,IL,IL,IL|KANKAKEE,IL|WILL,NGPL-NICOR,ANR-Joliet Hub,,,,76.2963,,,,Missing_N
2026-08-28,H2,IL,IN,IL|KANKAKEE,IN|LAKE,NGPL-NICOR,ANR-Joliet Hub,,,,76.2963,,,,Missing_N
2026-08-28,H2,IL,IL,IL|KENDALL,IL|LASALLE,ANR-Joliet Hub,NGPL-NICOR,,,,76.2963,,,,Missing_N
2026-08-28,H2,IL,IL,IL|MOULTRIE,IL|PIATT,REX E-NGPL,NGPL-NICOR,57,45.4762,,76.2963,53.51,Medium,Normal,Imputed_W
2026-08-28,H2,IL,IN,IL|WHITE,IN|GIBSON,TETCO-M1 24,TETCO-M2 (receipt),77,73.0026,,76.2963,81.58,Medium,Normal,Imputed_W
2026-08-28,H2,IL,IN,IL|WHITE,IN|POSEY,TETCO-M1 24,TETCO-M2 (receipt),77,73.0026,,76.2963,81.58,Medium,Normal,Imputed_W
2026-08-28,H2,IN,IN,IN|DECATUR,IN|SHELBY,TETCO-M2 (receipt),REX E-ANR,,,,,,,,Missing_N
2026-08-28,H2,KS,KS,KS|BARBER,KS|COMANCHE,Panhandle,ANR-SW,66,52.1032,100.0,,69.3,Medium,Normal,Imputed_P
2026-08-28,H2,KS,OK,KS|BARBER,OK|ALFALFA,Panhandle,southern star,79,69.1667,100.0,,89.47,High,Expansion_Risk,Imputed_P
2026-08-28,H2,KS,OK,KS|COMANCHE,OK|WOODS,ANR-SW,Panhandle,66,52.1032,100.0,,69.3,Medium,Normal,Imputed_P
2026-08-28,H2,KS,KS,KS|HARPER,KS|SUMNER,Panhandle,EGT-West,85,77.0012,100.0,,97.19,High,Expansion_Risk,Imputed_P
2026-08-28,H2,KS,OK,KS|HARPER,OK|ALFALFA,Panhandle,southern star,79,69.1667,100.0,,89.47,High,Expansion_Risk,Imputed_P
2026-08-28,H2,KS,OK,KS|HARPER,OK|GRANT,Panhandle,EGT-West,85,77.0012,100.0,,97.19,High,Expansion_Risk,Imputed_P
2026-08-28,H2,KS,KS,KS|KINGMAN,KS|SUMNER,Panhandle,EGT-West,85,77.0012,100.0,,97.19,High,Expansion_Risk,Imputed_P
2026-08-28,H2,LA,LA,LA|ACADIA,LA|EVANGELINE,TGT-SL,Pine Prairie,42,42.1958,,,19.65,Low,Normal,Imputed_WP
2026-08-28,H2,LA,LA,LA|ACADIA,LA|VERMILION,TGT-SL,Henry,64,64.1402,,,66.67,Medium,Normal,Imputed_WP
2026-08-28,H2,LA,LA,LA|ALLEN,LA|EVANGELINE,TETCO-WLA,Pine Prairie,45,45.0794,,,30.0,Low,Normal,Imputed_WP
2026-08-28,H2,LA,LA,LA|ALLEN,LA|JEFFERSON DAVIS,TETCO-WLA,TGT-SL,50,49.5238,,,42.98,Low,Normal,Imputed_WP
2026-08-28,H2,LA,LA,LA|ALLEN,LA|RAPIDES,TETCO-WLA,Pine Prairie,45,45.0794,,,30.0,Low,Normal,Imputed_WP
2026-08-28,H2,LA,LA,LA|ASCENSION,LA|EAST BATON ROUGE,Sonat-Z0 South,FGT-Z2,,,,,,,,Missing_N
2026-08-28,H2,LA,LA,LA|ASCENSION,LA|IBERVILLE,Sonat-Z0 South,TETCO-ELA,85,85.0265,,,97.19,High,Expansion_Risk,Imputed_WP
2026-08-28,H2,LA,LA,LA|ASCENSION,LA|ST JAMES,Sonat-Z0 South,Transco-65,63,62.6587,,,64.56,Medium,Normal,Imputed_WP
2026-08-28,H2,LA,LA,LA|BEAUREGARD,LA|CALCASIEU,TETCO-WLA,Transco-45,44,44.4312,,,25.96,Low,Normal,Imputed_WP
2026-08-28,H2,LA,LA,LA|BEAUREGARD,LA|JEFFERSON DAVIS,TETCO-WLA,TGT-SL,50,49.5238,,,42.98,Low,Normal,Imputed_WP
2026-08-28,H2,LA,LA,LA|BIENVILLE,LA|BOSSIER,TETCO-ETX,TGT-Mainline,26,25.9392,,,2.46,Low,Normal,Imputed_WP
2026-08-28,H2,LA,LA,LA|BIENVILLE,LA|CLAIBORNE,TETCO-ETX,TGT-Mainline,26,25.9392,,,2.46,Low,Normal,Imputed_WP
2026-08-28,H2,LA,LA,LA|BIENVILLE,LA|JACKSON,TETCO-ETX,TGP-Z0 North,36,36.0185,,,11.23,Low,Normal,Imputed_WP
2026-08-28,H2,LA,LA,LA|BIENVILLE,LA|NATCHITOCHES,TETCO-ETX,TGP-Z0 North,36,36.0185,,,11.23,Low,Normal,Imputed_WP
2026-08-28,H2,LA,LA,LA|BIENVILLE,LA|WEBSTER,TETCO-ETX,TGT-Mainline,26,25.9392,,,2.46,Low,Normal,Imputed_WP
2026-08-28,H2,LA,LA,LA|CADDO,LA|DE SOTO,TGT-Mainline,TETCO-ETX,26,25.9392,,,2.46,Low,Normal,Imputed_WP
2026-08-28,H2,LA,TX,LA|CADDO,TX|CASS,TGT-Mainline,NGPL-TXOK East,41,35.6614,52.7725,,17.37,Low,Normal,Imputed_P
2026-08-28,H2,LA,TX,LA|CADDO,TX|HARRISON,TGT-Mainline,NGPL-TXOK East,41,35.6614,52.7725,,17.37,Low,Normal,Imputed_P
2026-08-28,H2,LA,TX,LA|CADDO,TX|MARION,TGT-Mainline,EGT-South,,,52.7725,,,,,Missing_N
2026-08-28,H2,LA,TX,LA|CADDO,TX|PANOLA,TGT-Mainline,Carthage,46,42.0635,52.7725,,32.81,Low,Normal,Imputed_P
2026-08-28,H2,LA,LA,LA|CALCASIEU,LA|CAMERON,Transco-45,ANR-SE-T,17,17.0767,,,0.35,Low,Normal,Imputed_WP
2026-08-28,H2,LA,LA,LA|CALCASIEU,LA|JEFFERSON DAVIS,Transco-45,TGT-SL,63,62.5132,,,64.56,Medium,Normal,Imputed_WP
2026-08-28,H2,LA,TX,LA|CALCASIEU,TX|NEWTON,Transco-45,TETCO-WLA,47,44.4312,52.7725,,37.37,Low,Normal,Imputed_P
2026-08-28,H2,LA,TX,LA|CALCASIEU,TX|ORANGE,Transco-45,Golden Triangle,,,52.7725,,,,,Missing_N
2026-08-28,H2,LA,LA,LA|CALDWELL,LA|FRANKLIN,TGT-Mainline,CG-Mainline,75,75.4101,,,78.77,Medium,Normal,Imputed_WP
2026-08-28,H2,LA,LA,LA|CALDWELL,LA|JACKSON,TGT-Mainline,TGP-Z0 North,29,29.0741,,,5.61,Low,Normal,Imputed_WP
2026-08-28,H2,LA,LA,LA|CALDWELL,LA|RICHLAND,TGT-Mainline,CG-Mainline,75,75.4101,,,78.77,Medium,Normal,Imputed_WP
2026-08-28,H2,LA,LA,LA|CAMERON,LA|JEFFERSON DAVIS,ANR-SE-T,TGT-SL,66,65.873,,,69.3,Medium,Normal,Imputed_WP
2026-08-28,H2,LA,LA,LA|CAMERON,LA|VERMILION,ANR-SE-T,Henry,60,59.8016,,,59.82,Medium,Normal,Imputed_WP
2026-08-28,H2,LA,TX,LA|CAMERON,TX|JEFFERSON,ANR-SE-T,Golden Triangle,,,52.7725,,,,,Missing_N
2026-08-28,H2,LA,TX,LA|CAMERON,TX|ORANGE,ANR-SE-T,Golden Triangle,,,52.7725,,,,,Missing_N
2026-08-28,H2,LA,LA,LA|CLAIBORNE,LA|LINCOLN,TGT-Mainline,TETCO-ETX,26,25.9392,,,2.46,Low,Normal,Imputed_WP
2026-08-28,H2,LA,LA,LA|DE SOTO,LA|NATCHITOCHES,TETCO-ETX,TGP-Z0 North,36,36.0185,,,11.23,Low,Normal,Imputed_WP
2026-08-28,H2,LA,TX,LA|DE SOTO,TX|PANOLA,TETCO-ETX,Carthage,29,19.2989,52.7725,,5.61,Low,Normal,Imputed_P
2026-08-28,H2,LA,LA,LA|EAST BATON ROUGE,LA|EAST FELICIANA,FGT-Z2,TETCO-ELA,,,,,,,,Missing_N
2026-08-28,H2,LA,LA,LA|EAST BATON ROUGE,LA|IBERVILLE,FGT-Z2,TETCO-ELA,,,,,,,,Missing_N
2026-08-28,H2,LA,LA,LA|EAST BATON ROUGE,LA|LIVINGSTON,FGT-Z2,Sonat-Z0 South,,,,,,,,Missing_N
2026-08-28,H2,LA,LA,LA|EAST BATON ROUGE,LA|ST HELENA,FGT-Z2,FGT-Z3,,,,,,,,Missing_N
2026-08-28,H2,LA,LA,LA|EAST CARROLL,LA|WEST CARROLL,CG-Mainline,Trunkline-Z1A,54,53.664,,,50.35,Medium,Normal,Imputed_WP
2026-08-28,H2,LA,LA,LA|EAST FELICIANA,LA|ST HELENA,TETCO-ELA,FGT-Z3,81,80.5159,,,93.33,High,Expansion_Risk,Imputed_WP
2026-08-28,H2,LA,LA,LA|EAST FELICIANA,LA|WEST BATON ROUGE,TETCO-ELA,FGT-Z2,,,,,,,,Missing_N
2026-08-28,H2,LA,LA,LA|EVANGELINE,LA|JEFFERSON DAVIS,Pine Prairie,TGT-SL,42,42.1958,,,19.65,Low,Normal,Imputed_WP
2026-08-28,H2,LA,LA,LA|GRANT,LA|NATCHITOCHES,TGT-Mainline,TGP-Z0 North,29,29.0741,,,5.61,Low,Normal,Imputed_WP
2026-08-28,H2,LA,LA,LA|GRANT,LA|RAPIDES,TGT-Mainline,Pine Prairie,23,22.6058,,,0.7,Low,Normal,Imputed_WP
2026-08-28,H2,LA,LA,LA|IBERVILLE,LA|ST MARTIN,TETCO-ELA,Sonat-Z0 South,85,85.0265,,,97.19,High,Expansion_Risk,Imputed_WP
2026-08-28,H2,LA,LA,LA|IBERVILLE,LA|WEST BATON ROUGE,TETCO-ELA,FGT-Z2,,,,,,,,Missing_N
2026-08-28,H2,LA,LA,LA|JACKSON,LA|LINCOLN,TGP-Z0 North,TETCO-ETX,36,36.0185,,,11.23,Low,Normal,Imputed_WP
2026-08-28,H2,LA,LA,LA|JACKSON,LA|OUACHITA,TGP-Z0 North,TGT-Mainline,29,29.0741,,,5.61,Low,Normal,Imputed_WP
2026-08-28,H2,LA,LA,LA|JEFFERSON,LA|ST CHARLES,TETCO-ELA,CG-Onshore,63,63.2407,,,64.56,Medium,Normal,Imputed_WP
2026-08-28,H2,LA,LA,LA|JEFFERSON DAVIS,LA|VERMILION,TGT-SL,Henry,64,64.1402,,,66.67,Medium,Normal,Imputed_WP
2026-08-28,H2,LA,LA,LA|LAFAYETTE,LA|ST MARTIN,TGT-SL,Sonat-Z0 South,91,90.6614,,,99.82,High,Expansion_Risk,Imputed_WP
2026-08-28,H2,LA,LA,LA|LAFAYETTE,LA|VERMILION,TGT-SL,Henry,64,64.1402,,,66.67,Medium,Normal,Imputed_WP
2026-08-28,H2,LA,LA,LA|LAFOURCHE,LA|ST CHARLES,TETCO-ELA,CG-Onshore,63,63.2407,,,64.56,Medium,Normal,Imputed_WP
2026-08-28,H2,LA,LA,LA|LAFOURCHE,LA|ST JAMES,TETCO-ELA,Transco-65,85,85.2116,,,97.19,High,Expansion_Risk,Imputed_WP
2026-08-28,H2,LA,LA,LA|LAFOURCHE,LA|TERREBONNE,TETCO-ELA,CG-Onshore,63,63.2407,,,64.56,Medium,Normal,Imputed_WP
2026-08-28,H2,LA,LA,LA|LINCOLN,LA|OUACHITA,TETCO-ETX,TGT-Mainline,26,25.9392,,,2.46,Low,Normal,Imputed_WP
2026-08-28,H2,LA,LA,LA|LINCOLN,LA|UNION,TETCO-ETX,TGT-Mainline,26,25.9392,,,2.46,Low,Normal,Imputed_WP
2026-08-28,H2,LA,LA,LA|LIVINGSTON,LA|ST HELENA,Sonat-Z0 South,FGT-Z3,67,67.1561,,,70.53,Medium,Normal,Imputed_WP
2026-08-28,H2,LA,LA,LA|MOREHOUSE,LA|RICHLAND,TGT-Mainline,CG-Mainline,75,75.4101,,,78.77,Medium,Normal,Imputed_WP
2026-08-28,H2,LA,LA,LA|MOREHOUSE,LA|WEST CARROLL,TGT-Mainline,Trunkline-Z1A,33,33.3995,,,7.72,Low,Normal,Imputed_WP
2026-08-28,H2,LA,LA,LA|NATCHITOCHES,LA|RAPIDES,TGP-Z0 North,Pine Prairie,27,26.746,,,4.04,Low,Normal,Imputed_WP
2026-08-28,H2,LA,LA,LA|OUACHITA,LA|RICHLAND,TGT-Mainline,CG-Mainline,75,75.4101,,,78.77,Medium,Normal,Imputed_WP
2026-08-28,H2,LA,LA,LA|POINTE COUPEE,LA|ST MARTIN,TETCO-ELA,Sonat-Z0 South,85,85.0265,,,97.19,High,Expansion_Risk,Imputed_WP
2026-08-28,H2,LA,LA,LA|POINTE COUPEE,LA|WEST BATON ROUGE,TETCO-ELA,FGT-Z2,,,,,,,,Missing_N
2026-08-28,H2,LA,LA,LA|RICHLAND,LA|WEST CARROLL,CG-Mainline,Trunkline-Z1A,54,53.664,,,50.35,Medium,Normal,Imputed_WP
2026-08-28,H2,LA,LA,LA|ST MARTIN,LA|ST MARY,Sonat-Z0 South,ANR-SE-T,88,87.672,,,98.6,High,Expansion_Risk,Imputed_WP
2026-08-28,H2,LA,LA,LA|ST MARY,LA|TERREBONNE,ANR-SE-T,CG-Onshore,37,37.1958,,,12.63,Low,Normal,Imputed_WP
2026-08-28,H2,LA,LA,LA|WEST BATON ROUGE,LA|WEST FELICIANA,FGT-Z2,TETCO-ELA,,,,,,,,Missing_N
2026-08-28,H2,NY,NY,NY|ALBANY,NY|GREENE,Eastern Gas North,Iroquois-Z2,53,48.1085,57.3614,51.8849,47.89,Low,Normal,Full
2026-08-28,H2,NY,NY,NY|ALBANY,NY|SCHOHARIE,Eastern Gas North,Iroquois-Z1,,,57.3614,,,,,Missing_N
2026-08-28,H2,NY,NY,NY|ALLEGANY,NY|LIVINGSTON,Eastern Gas North,TGP-Niagara,,,57.3614,58.1151,,,,Missing_N
2026-08-28,H2,NY,NY,NY|ALLEGANY,NY|STEUBEN,Eastern Gas North,TGP-Niagara,,,57.3614,58.1151,,,,Missing_N
2026-08-28,H2,NY,PA,NY|ALLEGANY,PA|MCKEAN,Eastern Gas North,TGP-Z4 Sta-313,66,62.9233,57.3614,66.4087,69.3,Medium,Normal,Full
2026-08-28,H2,NY,PA,NY|ALLEGANY,PA|POTTER,Eastern Gas North,Eastern Gas South,55,45.2381,57.3614,66.4087,52.46,Medium,Normal,Full
2026-08-28,H2,NY,PA,NY|CHAUTAUQUA,PA|ERIE,TGP-Niagara,TGP-Z4 Sta-219,,,57.3614,58.1151,,,,Missing_N
2026-08-28,H2,NY,NY,NY|CHEMUNG,NY|STEUBEN,Eastern Gas North,TGP-Niagara,,,57.3614,,,,,Missing_N
2026-08-28,H2,NY,PA,NY|CHEMUNG,PA|BRADFORD,Eastern Gas North,TGP-Z4 300L,58,56.746,57.3614,,55.09,Medium,Normal,Imputed_P
2026-08-28,H2,NY,PA,NY|CHEMUNG,PA|TIOGA,Eastern Gas North,Eastern Gas South,49,45.2381,57.3614,,41.23,Low,Normal,Imputed_P
2026-08-28,H2,NY,NY,NY|DUTCHESS,NY|PUTNAM,Iroquois-Z2,AGT-CG (non-G),62,63.6905,57.3614,51.8849,63.33,Medium,Normal,Full
2026-08-28,H2,NY,NY,NY|ERIE,NY|GENESEE,TGP-Niagara,Eastern Gas North,,,57.3614,58.1151,,,,Missing_N
2026-08-28,H2,NY,NY,NY|ERIE,NY|WYOMING,TGP-Niagara,Eastern Gas North,,,57.3614,58.1151,,,,Missing_N
2026-08-28,H2,NY,NY,NY|GENESEE,NY|LIVINGSTON,Eastern Gas North,TGP-Niagara,,,57.3614,58.1151,,,,Missing_N
2026-08-28,H2,NY,NY,NY|GENESEE,NY|NIAGARA,Eastern Gas North,TGP-Niagara,,,57.3614,58.1151,,,,Missing_N
2026-08-28,H2,NY,NY,NY|GREENE,NY|SCHOHARIE,Iroquois-Z2,Iroquois-Z1,,,57.3614,51.8849,,,,Missing_N
2026-08-28,H2,NY,NY,NY|HERKIMER,NY|MONTGOMERY,Iroquois-Z1,Eastern Gas North,,,57.3614,52.877,,,,Missing_N
2026-08-28,H2,NY,NY,NY|LIVINGSTON,NY|WYOMING,TGP-Niagara,Eastern Gas North,,,57.3614,58.1151,,,,Missing_N
2026-08-28,H2,NY,NY,NY|MADISON,NY|ONEIDA,Eastern Gas North,Iroquois-Z1,,,57.3614,52.877,,,,Missing_N
2026-08-28,H2,NY,NY,NY|MONTGOMERY,NY|SCHOHARIE,Eastern Gas North,Iroquois-Z1,,,57.3614,,,,,Missing_N
2026-08-28,H2,NY,NY,NY|SCHUYLER,NY|STEUBEN,Eastern Gas North,TGP-Niagara,,,57.3614,,,,,Missing_N
2026-08-28,H2,NY,PA,NY|STEUBEN,PA|POTTER,TGP-Niagara,Eastern Gas South,,,57.3614,66.4087,,,,Missing_N
2026-08-28,H2,NY,PA,NY|STEUBEN,PA|TIOGA,TGP-Niagara,Eastern Gas South,,,57.3614,,,,,Missing_N
2026-08-28,H2,OH,OH,OH|ATHENS,OH|PERRY,TGP-Z4 Sta-219,TETCO-M2 (receipt),81,72.9101,96.9407,,93.33,High,Expansion_Risk,Imputed_P
2026-08-28,H2,OH,OH,OH|ATHENS,OH|VINTON,TGP-Z4 Sta-219,TETCO-M2 (receipt),81,72.9101,96.9407,,93.33,High,Expansion_Risk,Imputed_P
2026-08-28,H2,OH,OH,OH|ATHENS,OH|WASHINGTON,TGP-Z4 Sta-219,TETCO-M2 (receipt),81,72.9101,96.9407,,93.33,High,Expansion_Risk,Imputed_P
2026-08-28,H2,OH,WV,OH|ATHENS,WV|WOOD,TGP-Z4 Sta-219,Eastern Gas South,74,62.8175,96.9407,,76.84,Medium,Normal,Imputed_P
2026-08-28,H2,OH,OH,OH|CARROLL,OH|HARRISON,TGP-Z4 Sta-219,Eastern Gas South,74,62.8175,96.9407,,76.84,Medium,Normal,Imputed_P
2026-08-28,H2,OH,OH,OH|CARROLL,OH|JEFFERSON,TGP-Z4 Sta-219,TETCO-M2 (receipt),81,72.9101,96.9407,,93.33,High,Expansion_Risk,Imputed_P
2026-08-28,H2,OH,OH,OH|COLUMBIANA,OH|JEFFERSON,TGP-Z4 Sta-219,TETCO-M2 (receipt),81,72.9101,96.9407,,93.33,High,Expansion_Risk,Imputed_P
2026-08-28,H2,OH,PA,OH|COLUMBIANA,PA|BEAVER,TGP-Z4 Sta-219,Eastern Gas South,74,62.8175,96.9407,,76.84,Medium,Normal,Imputed_P
2026-08-28,H2,OH,OH,OH|DARKE,OH|MERCER,TETCO-M2 (receipt),Eastern Gas South,44,24.2328,96.9407,,25.96,Low,Normal,Imputed_P
2026-08-28,H2,OH,OH,OH|FAIRFIELD,OH|PICKAWAY,TETCO-M2 (receipt),Eastern Gas South,44,24.2328,96.9407,,25.96,Low,Normal,Imputed_P
2026-08-28,H2,OH,OH,OH|FAYETTE,OH|PICKAWAY,TETCO-M2 (receipt),Eastern Gas South,44,24.2328,96.9407,,25.96,Low,Normal,Imputed_P
2026-08-28,H2,OH,OH,OH|FRANKLIN,OH|PICKAWAY,TETCO-M2 (receipt),Eastern Gas South,44,24.2328,96.9407,,25.96,Low,Normal,Imputed_P
2026-08-28,H2,OH,OH,OH|GUERNSEY,OH|HARRISON,TGP-Z4 Sta-219,Eastern Gas South,74,62.8175,96.9407,,76.84,Medium,Normal,Imputed_P
2026-08-28,H2,OH,OH,OH|GUERNSEY,OH|MUSKINGUM,TGP-Z4 Sta-219,Eastern Gas South,74,62.8175,96.9407,,76.84,Medium,Normal,Imputed_P
2026-08-28,H2,OH,OH,OH|GUERNSEY,OH|NOBLE,TGP-Z4 Sta-219,Rover (receipt),78,68.3995,96.9407,,85.96,High,Expansion_Risk,Imputed_P
2026-08-28,H2,OH,OH,OH|HARRISON,OH|JEFFERSON,Eastern Gas South,TETCO-M2 (receipt),44,24.2328,96.9407,,25.96,Low,Normal,Imputed_P
2026-08-28,H2,OH,OH,OH|HARRISON,OH|TUSCARAWAS,Eastern Gas South,TGP-Z4 Sta-219,74,62.8175,96.9407,,76.84,Medium,Normal,Imputed_P
2026-08-28,H2,OH,OH,OH|JACKSON,OH|SCIOTO,TGP-Z4 Sta-219,TETCO-M2 (receipt),81,72.9101,96.9407,,93.33,High,Expansion_Risk,Imputed_P
2026-08-28,H2,OH,OH,OH|JACKSON,OH|VINTON,TGP-Z4 Sta-219,TETCO-M2 (receipt),81,72.9101,96.9407,,93.33,High,Expansion_Risk,Imputed_P
2026-08-28,H2,OH,OH,OH|MONROE,OH|NOBLE,TETCO-M2 (receipt),Rover (receipt),61,45.6217,96.9407,,61.58,Medium,Normal,Imputed_P
2026-08-28,H2,OH,WV,OH|MONROE,WV|TYLER,TETCO-M2 (receipt),Eastern Gas South,44,24.2328,96.9407,,25.96,Low,Normal,Imputed_P
2026-08-28,H2,OH,WV,OH|MONROE,WV|WETZEL,TETCO-M2 (receipt),Eastern Gas South,44,24.2328,96.9407,,25.96,Low,Normal,Imputed_P
2026-08-28,H2,OH,OH,OH|MORGAN,OH|MUSKINGUM,TGP-Z4 Sta-219,Eastern Gas South,74,62.8175,96.9407,,76.84,Medium,Normal,Imputed_P
2026-08-28,H2,OH,OH,OH|MORGAN,OH|NOBLE,TGP-Z4 Sta-219,Rover (receipt),78,68.3995,96.9407,,85.96,High,Expansion_Risk,Imputed_P
2026-08-28,H2,OH,OH,OH|MORGAN,OH|PERRY,TGP-Z4 Sta-219,TETCO-M2 (receipt),81,72.9101,96.9407,,93.33,High,Expansion_Risk,Imputed_P
2026-08-28,H2,OH,OH,OH|MORGAN,OH|WASHINGTON,TGP-Z4 Sta-219,TETCO-M2 (receipt),81,72.9101,96.9407,,93.33,High,Expansion_Risk,Imputed_P
2026-08-28,H2,OH,OH,OH|MUSKINGUM,OH|NOBLE,Eastern Gas South,Rover (receipt),45,25.0794,96.9407,,30.0,Low,Normal,Imputed_P
2026-08-28,H2,OH,OH,OH|MUSKINGUM,OH|PERRY,Eastern Gas South,TETCO-M2 (receipt),44,24.2328,96.9407,,25.96,Low,Normal,Imputed_P
2026-08-28,H2,OH,OH,OH|NOBLE,OH|WASHINGTON,Rover (receipt),TETCO-M2 (receipt),61,45.6217,96.9407,,61.58,Medium,Normal,Imputed_P
2026-08-28,H2,OH,WV,OH|WASHINGTON,WV|PLEASANTS,TETCO-M2 (receipt),Eastern Gas South,44,24.2328,96.9407,,25.96,Low,Normal,Imputed_P
2026-08-28,H2,OH,WV,OH|WASHINGTON,WV|TYLER,TETCO-M2 (receipt),Eastern Gas South,44,24.2328,96.9407,,25.96,Low,Normal,Imputed_P
2026-08-28,H2,OH,WV,OH|WASHINGTON,WV|WOOD,TETCO-M2 (receipt),Eastern Gas South,44,24.2328,96.9407,,25.96,Low,Normal,Imputed_P
2026-08-28,H2,OK,OK,OK|ALFALFA,OK|GARFIELD,southern star,Panhandle,69,69.1667,,,72.98,Medium,Normal,Imputed_WP
2026-08-28,H2,OK,OK,OK|ALFALFA,OK|GRANT,southern star,EGT-West,78,78.0238,,,85.96,High,Expansion_Risk,Imputed_WP
2026-08-28,H2,OK,OK,OK|ALFALFA,OK|MAJOR,southern star,Panhandle,69,69.1667,,,72.98,Medium,Normal,Imputed_WP
2026-08-28,H2,OK,OK,OK|ALFALFA,OK|WOODS,southern star,Panhandle,69,69.1667,,,72.98,Medium,Normal,Imputed_WP
2026-08-28,H2,OK,OK,OK|BECKHAM,OK|KIOWA,EGT-West,NGPL-Midcont Pool,78,77.8047,,,85.96,High,Expansion_Risk,Imputed_WP
2026-08-28,H2,OK,OK,OK|BECKHAM,OK|ROGER MILLS,EGT-West,ANR-SW,78,77.6214,,,85.96,High,Expansion_Risk,Imputed_WP
2026-08-28,H2,OK,OK,OK|BECKHAM,OK|WASHITA,EGT-West,NGPL-Midcont Pool,78,77.8047,,,85.96,High,Expansion_Risk,Imputed_WP
2026-08-28,H2,OK,TX,OK|BECKHAM,TX|WHEELER,EGT-West,ANR-SW,76,77.6214,52.7725,75.754,79.82,Medium,Normal,Full
2026-08-28,H2,OK,OK,OK|BLAINE,OK|CADDO,EGT-West,NGPL-Midcont Pool,78,77.8047,,,85.96,High,Expansion_Risk,Imputed_WP
2026-08-28,H2,OK,OK,OK|BLAINE,OK|DEWEY,EGT-West,Panhandle,77,77.0012,,,81.58,Medium,Normal,Imputed_WP
2026-08-28,H2,OK,OK,OK|BLAINE,OK|KINGFISHER,EGT-West,Panhandle,77,77.0012,,,81.58,Medium,Normal,Imputed_WP
2026-08-28,H2,OK,OK,OK|BLAINE,OK|MAJOR,EGT-West,Panhandle,77,77.0012,,,81.58,Medium,Normal,Imputed_WP
2026-08-28,H2,OK,OK,OK|CADDO,OK|COMANCHE,NGPL-Midcont Pool,EGT-West,78,77.8047,,,85.96,High,Expansion_Risk,Imputed_WP
2026-08-28,H2,OK,OK,OK|CADDO,OK|CUSTER,NGPL-Midcont Pool,EGT-West,78,77.8047,,,85.96,High,Expansion_Risk,Imputed_WP
2026-08-28,H2,OK,OK,OK|CADDO,OK|GRADY,NGPL-Midcont Pool,EGT-West,78,77.8047,,,85.96,High,Expansion_Risk,Imputed_WP
2026-08-28,H2,OK,OK,OK|COMANCHE,OK|KIOWA,EGT-West,NGPL-Midcont Pool,78,77.8047,,,85.96,High,Expansion_Risk,Imputed_WP
2026-08-28,H2,OK,OK,OK|CUSTER,OK|DEWEY,EGT-West,Panhandle,77,77.0012,,,81.58,Medium,Normal,Imputed_WP
2026-08-28,H2,OK,OK,OK|CUSTER,OK|ROGER MILLS,EGT-West,ANR-SW,78,77.6214,,,85.96,High,Expansion_Risk,Imputed_WP
2026-08-28,H2,OK,OK,OK|CUSTER,OK|WASHITA,EGT-West,NGPL-Midcont Pool,78,77.8047,,,85.96,High,Expansion_Risk,Imputed_WP
2026-08-28,H2,OK,OK,OK|DEWEY,OK|ROGER MILLS,Panhandle,ANR-SW,52,52.1032,,,45.79,Low,Normal,Imputed_WP
2026-08-28,H2,OK,OK,OK|DEWEY,OK|WOODWARD,Panhandle,NGPL-Midcont Pool,58,57.8439,,,55.09,Medium,Normal,Imputed_WP
2026-08-28,H2,OK,OK,OK|GARFIELD,OK|GRANT,Panhandle,EGT-West,77,77.0012,,,81.58,Medium,Normal,Imputed_WP
2026-08-28,H2,OK,OK,OK|GARFIELD,OK|KAY,Panhandle,EGT-West,77,77.0012,,,81.58,Medium,Normal,Imputed_WP
2026-08-28,H2,OK,OK,OK|GREER,OK|KIOWA,EGT-West,NGPL-Midcont Pool,78,77.8047,,,85.96,High,Expansion_Risk,Imputed_WP
2026-08-28,H2,OK,OK,OK|HARPER,OK|WOODS,ANR-SW,Panhandle,52,52.1032,,,45.79,Low,Normal,Imputed_WP
2026-08-28,H2,OK,OK,OK|HARPER,OK|WOODWARD,ANR-SW,NGPL-Midcont Pool,55,54.5635,,,52.46,Medium,Normal,Imputed_WP
2026-08-28,H2,OK,OK,OK|JACKSON,OK|KIOWA,EGT-West,NGPL-Midcont Pool,78,77.8047,,,85.96,High,Expansion_Risk,Imputed_WP
2026-08-28,H2,OK,OK,OK|MAJOR,OK|WOODWARD,Panhandle,NGPL-Midcont Pool,58,57.8439,,,55.09,Medium,Normal,Imputed_WP
2026-08-28,H2,OK,TX,OK|TEXAS,TX|SHERMAN,Panhandle,TW-Panhandle,29,20.4101,52.7725,,5.61,Low,Normal,Imputed_P
2026-08-28,H2,OK,OK,OK|WOODS,OK|WOODWARD,Panhandle,NGPL-Midcont Pool,58,57.8439,,,55.09,Medium,Normal,Imputed_WP
2026-08-28,H2,PA,PA,PA|ARMSTRONG,PA|INDIANA,Eastern Gas South,TETCO-M3,59,45.8333,72.4665,66.4087,57.89,Medium,Normal,Full
2026-08-28,H2,PA,PA,PA|BEAVER,PA|LAWRENCE,Eastern Gas South,TGP-Z4 Sta-219,67,62.8175,72.4665,,70.53,Medium,Normal,Imputed_P
2026-08-28,H2,PA,PA,PA|BEDFORD,PA|SOMERSET,TETCO-M3,TETCO-M2 (receipt),65,56.2302,72.4665,66.4087,68.25,Medium,Normal,Full
2026-08-28,H2,PA,PA,PA|BLAIR,PA|CLEARFIELD,TETCO-M3,Eastern Gas South,54,45.8333,72.4665,,50.35,Medium,Normal,Imputed_P
2026-08-28,H2,PA,PA,PA|BRADFORD,PA|LYCOMING,TGP-Z4 300L,Leidy-Transco,81,81.1772,77.8203,66.4087,93.33,High,Expansion_Risk,Full
2026-08-28,H2,PA,PA,PA|BRADFORD,PA|TIOGA,TGP-Z4 300L,Eastern Gas South,67,63.0159,72.4665,,70.53,Medium,Normal,Imputed_P
2026-08-28,H2,PA,PA,PA|BRADFORD,PA|WYOMING,TGP-Z4 300L,Leidy-Transco,78,81.1772,72.4665,60.1984,85.96,High,Expansion_Risk,Full
2026-08-28,H2,PA,PA,PA|BUCKS,PA|NORTHAMPTON,TETCO-M3,Leidy-Transco,50,33.2407,72.4665,61.2434,42.98,Low,Normal,Full
2026-08-28,H2,PA,PA,PA|BUTLER,PA|LAWRENCE,Eastern Gas South,TGP-Z4 Sta-219,69,62.8175,72.4665,66.4087,72.98,Medium,Normal,Full
2026-08-28,H2,PA,PA,PA|BUTLER,PA|MERCER,Eastern Gas South,TGP-Z4 Sta-219,69,62.8175,72.4665,66.4087,72.98,Medium,Normal,Full
2026-08-28,H2,PA,PA,PA|BUTLER,PA|VENANGO,Eastern Gas South,TGP-Z4 Sta-219,69,62.8175,72.4665,66.4087,72.98,Medium,Normal,Full
2026-08-28,H2,PA,PA,PA|CAMBRIA,PA|CLEARFIELD,TETCO-M3,Eastern Gas South,54,45.8333,72.4665,,50.35,Medium,Normal,Imputed_P
2026-08-28,H2,PA,PA,PA|CAMBRIA,PA|SOMERSET,TETCO-M3,TETCO-M2 (receipt),65,56.2302,72.4665,66.4087,68.25,Medium,Normal,Full
2026-08-28,H2,PA,PA,PA|CAMBRIA,PA|WESTMORELAND,TETCO-M3,Eastern Gas South,59,45.8333,72.4665,66.4087,57.89,Medium,Normal,Full
2026-08-28,H2,PA,PA,PA|CENTRE,PA|CLEARFIELD,TETCO-M3,Eastern Gas South,59,45.8333,72.4665,66.4087,57.89,Medium,Normal,Full
2026-08-28,H2,PA,PA,PA|CENTRE,PA|CLINTON,TETCO-M3,Leidy-Transco,51,33.2407,72.4665,66.4087,44.21,Low,Normal,Full
2026-08-28,H2,PA,PA,PA|CLARION,PA|FOREST,Eastern Gas South,TGP-Z4 Sta-313,64,55.1323,72.4665,66.4087,66.67,Medium,Normal,Full
2026-08-28,H2,PA,PA,PA|CLARION,PA|VENANGO,Eastern Gas South,TGP-Z4 Sta-219,69,62.8175,72.4665,66.4087,72.98,Medium,Normal,Full
2026-08-28,H2,PA,PA,PA|CLEARFIELD,PA|CLINTON,Eastern Gas South,Leidy-Transco,69,63.3862,72.4665,66.4087,72.98,Medium,Normal,Full
2026-08-28,H2,PA,PA,PA|CLEARFIELD,PA|INDIANA,Eastern Gas South,TETCO-M3,54,45.8333,72.4665,,50.35,Medium,Normal,Imputed_P
2026-08-28,H2,PA,PA,PA|CLINTON,PA|POTTER,Leidy-Transco,Eastern Gas South,69,63.3862,72.4665,66.4087,72.98,Medium,Normal,Full
2026-08-28,H2,PA,PA,PA|ELK,PA|FOREST,Eastern Gas South,TGP-Z4 Sta-313,64,55.1323,72.4665,66.4087,66.67,Medium,Normal,Full
2026-08-28,H2,PA,PA,PA|ELK,PA|MCKEAN,Eastern Gas South,TGP-Z4 Sta-313,64,55.1323,72.4665,66.4087,66.67,Medium,Normal,Full
2026-08-28,H2,PA,PA,PA|FAYETTE,PA|WASHINGTON,TETCO-M2 (receipt),Eastern Gas South,46,24.2328,72.4665,66.4087,32.81,Low,Normal,Full
2026-08-28,H2,PA,PA,PA|FAYETTE,PA|WESTMORELAND,TETCO-M2 (receipt),Eastern Gas South,46,24.2328,72.4665,66.4087,32.81,Low,Normal,Full
2026-08-28,H2,PA,PA,PA|FOREST,PA|JEFFERSON,TGP-Z4 Sta-313,Eastern Gas South,61,55.1323,72.4665,,61.58,Medium,Normal,Imputed_P
2026-08-28,H2,PA,PA,PA|FOREST,PA|VENANGO,TGP-Z4 Sta-313,TGP-Z4 Sta-219,68,64.9471,72.4665,,71.23,Medium,Normal,Imputed_P
2026-08-28,H2,PA,PA,PA|GREENE,PA|WASHINGTON,TETCO-M2 (receipt),Eastern Gas South,46,24.2328,72.4665,66.4087,32.81,Low,Normal,Full
2026-08-28,H2,PA,WV,PA|GREENE,WV|WETZEL,TETCO-M2 (receipt),Eastern Gas South,46,24.2328,72.4665,66.4087,32.81,Low,Normal,Full
2026-08-28,H2,PA,PA,PA|INDIANA,PA|JEFFERSON,TETCO-M3,Eastern Gas South,54,45.8333,72.4665,,50.35,Medium,Normal,Imputed_P
2026-08-28,H2,PA,PA,PA|INDIANA,PA|WESTMORELAND,TETCO-M3,Eastern Gas South,59,45.8333,72.4665,66.4087,57.89,Medium,Normal,Full
2026-08-28,H2,PA,PA,PA|LUZERNE,PA|MONROE,Leidy-Transco,Transco-Z6 (non-NY),51,35.7538,72.4665,61.2434,44.21,Low,Normal,Full
2026-08-28,H2,PA,PA,PA|LYCOMING,PA|POTTER,Leidy-Transco,Eastern Gas South,71,63.3862,77.8203,66.4087,75.09,Medium,Normal,Full
2026-08-28,H2,PA,PA,PA|LYCOMING,PA|TIOGA,Leidy-Transco,Eastern Gas South,71,63.3862,77.8203,66.4087,75.09,Medium,Normal,Full
2026-08-28,H2,PA,PA,PA|MCKEAN,PA|POTTER,TGP-Z4 Sta-313,Eastern Gas South,64,55.1323,72.4665,66.4087,66.67,Medium,Normal,Full
2026-08-28,H2,PA,PA,PA|MONROE,PA|NORTHAMPTON,Transco-Z6 (non-NY),Leidy-Transco,51,35.7538,72.4665,61.2434,44.21,Low,Normal,Full
2026-08-28,H2,PA,PA,PA|MONROE,PA|PIKE,Transco-Z6 (non-NY),TGP-Z4 300L,44,23.8621,72.4665,61.2434,25.96,Low,Normal,Full
2026-08-28,H2,PA,PA,PA|MONROE,PA|WAYNE,Transco-Z6 (non-NY),TGP-Z4 300L,44,23.8621,72.4665,61.2434,25.96,Low,Normal,Full
2026-08-28,H2,PA,PA,PA|SOMERSET,PA|WESTMORELAND,TETCO-M2 (receipt),Eastern Gas South,46,24.2328,72.4665,66.4087,32.81,Low,Normal,Full
2026-08-28,H2,PA,PA,PA|SUSQUEHANNA,PA|WYOMING,TGP-Z4 300L,Leidy-Transco,78,81.1772,72.4665,60.1984,85.96,High,Expansion_Risk,Full
2026-08-28,H2,PA,WV,PA|WASHINGTON,WV|MARSHALL,Eastern Gas South,TETCO-M2 (receipt),46,24.2328,72.4665,66.4087,32.81,Low,Normal,Full
2026-08-28,H2,TN,TN,TN|CHEATHAM,TN|DAVIDSON,TGP-Z1 100L,CG-Mainline,58,46.0053,86.4245,,55.09,Medium,Normal,Imputed_P
2026-08-28,H2,TN,TN,TN|CHEATHAM,TN|WILLIAMSON,TGP-Z1 100L,CG-Mainline,59,46.0053,88.3365,,57.89,Medium,Normal,Imputed_P
2026-08-28,H2,TN,TN,TN|CHESTER,TN|HARDIN,TGP-Z1 100L,TGP-Z1 800L Pool,,,88.3365,,,,,Missing_N
2026-08-28,H2,TN,TN,TN|CHESTER,TN|MADISON,TGP-Z1 100L,TGT-Mainline,52,36.9841,88.3365,,45.79,Low,Normal,Imputed_P
2026-08-28,H2,TN,TN,TN|DAVIDSON,TN|ROBERTSON,CG-Mainline,TGP-Z1 100L,58,46.0053,86.4245,,55.09,Medium,Normal,Imputed_P
2026-08-28,H2,TN,TN,TN|DAVIDSON,TN|RUTHERFORD,CG-Mainline,TETCO-M1 30,79,73.7169,86.4245,,89.47,High,Expansion_Risk,Imputed_P
2026-08-28,H2,TN,TN,TN|DAVIDSON,TN|SUMNER,CG-Mainline,TGP-Z1 Sta-87,58,46.2566,86.4245,,55.09,Medium,Normal,Imputed_P
2026-08-28,H2,TN,TN,TN|DECATUR,TN|HARDIN,TGP-Z1 100L,TGP-Z1 800L Pool,,,88.3365,,,,,Missing_N
2026-08-28,H2,TN,TN,TN|DECATUR,TN|WAYNE,TGP-Z1 100L,TGP-500L,90,87.7778,88.3365,,99.12,High,Expansion_Risk,Imputed_P
2026-08-28,H2,TN,TN,TN|DICKSON,TN|WILLIAMSON,TGP-Z1 100L,CG-Mainline,59,46.0053,88.3365,,57.89,Medium,Normal,Imputed_P
2026-08-28,H2,TN,TN,TN|DYER,TN|GIBSON,Trunkline-Z1A,TGT-Mainline,49,33.3995,88.3365,,41.23,Low,Normal,Imputed_P
2026-08-28,H2,TN,TN,TN|DYER,TN|LAUDERDALE,Trunkline-Z1A,TGT-Mainline,49,33.3995,88.3365,,41.23,Low,Normal,Imputed_P
2026-08-28,H2,TN,TN,TN|FAYETTE,TN|HARDEMAN,Trunkline-Z1A,TGP-Z1 100L,50,35.3175,88.3365,,42.98,Low,Normal,Imputed_P
2026-08-28,H2,TN,TN,TN|FAYETTE,TN|HAYWOOD,Trunkline-Z1A,TGT-Mainline,49,33.3995,88.3365,,41.23,Low,Normal,Imputed_P
2026-08-28,H2,TN,TN,TN|FAYETTE,TN|SHELBY,Trunkline-Z1A,TGT-Mainline,49,33.3995,88.3365,,41.23,Low,Normal,Imputed_P
2026-08-28,H2,TN,TN,TN|FAYETTE,TN|TIPTON,Trunkline-Z1A,TGT-Mainline,49,33.3995,88.3365,,41.23,Low,Normal,Imputed_P
2026-08-28,H2,TN,TN,TN|HARDEMAN,TN|HAYWOOD,TGP-Z1 100L,TGT-Mainline,52,36.9841,88.3365,,45.79,Low,Normal,Imputed_P
2026-08-28,H2,TN,TN,TN|HARDEMAN,TN|MADISON,TGP-Z1 100L,TGT-Mainline,52,36.9841,88.3365,,45.79,Low,Normal,Imputed_P
2026-08-28,H2,TN,TN,TN|HARDIN,TN|HENDERSON,TGP-Z1 800L Pool,TGP-Z1 100L,,,88.3365,,,,,Missing_N
2026-08-28,H2,TN,TN,TN|HARDIN,TN|MCNAIRY,TGP-Z1 800L Pool,TGP-Z1 100L,,,88.3365,,,,,Missing_N
2026-08-28,H2,TN,TN,TN|HARDIN,TN|WAYNE,TGP-Z1 800L Pool,TGP-500L,,,88.3365,,,,,Missing_N
2026-08-28,H2,TN,TN,TN|HENDERSON,TN|MADISON,TGP-Z1 100L,TGT-Mainline,52,36.9841,88.3365,,45.79,Low,Normal,Imputed_P
2026-08-28,H2,TN,TN,TN|HICKMAN,TN|MAURY,TGP-Z1 100L,TETCO-M1 30,54,40.0265,88.3365,,50.35,Medium,Normal,Imputed_P
2026-08-28,H2,TN,TN,TN|HICKMAN,TN|WILLIAMSON,TGP-Z1 100L,CG-Mainline,59,46.0053,88.3365,,57.89,Medium,Normal,Imputed_P
2026-08-28,H2,TN,TN,TN|LAWRENCE,TN|WAYNE,TETCO-M1 30,TGP-500L,91,88.8492,88.3365,,99.82,High,Expansion_Risk,Imputed_P
2026-08-28,H2,TN,TN,TN|MACON,TN|SUMNER,TETCO-M1 30,TGP-Z1 Sta-87,54,39.6958,88.3365,,50.35,Medium,Normal,Imputed_P
2026-08-28,H2,TN,TN,TN|MACON,TN|TROUSDALE,TETCO-M1 30,CG-Mainline,80,73.7169,88.3365,,90.7,High,Expansion_Risk,Imputed_P
2026-08-28,H2,TN,TN,TN|MAURY,TN|WILLIAMSON,TETCO-M1 30,CG-Mainline,80,73.7169,88.3365,,90.7,High,Expansion_Risk,Imputed_P
2026-08-28,H2,TN,TN,TN|PERRY,TN|WAYNE,TGP-Z1 100L,TGP-500L,90,87.7778,88.3365,,99.12,High,Expansion_Risk,Imputed_P
2026-08-28,H2,TN,TN,TN|ROBERTSON,TN|SUMNER,TGP-Z1 100L,TGP-Z1 Sta-87,38,18.5185,88.3365,,13.16,Low,Normal,Imputed_P
2026-08-28,H2,TN,TN,TN|RUTHERFORD,TN|WILLIAMSON,TETCO-M1 30,CG-Mainline,80,73.7169,88.3365,,90.7,High,Expansion_Risk,Imputed_P
2026-08-28,H2,TN,TN,TN|RUTHERFORD,TN|WILSON,TETCO-M1 30,CG-Mainline,80,73.7169,88.3365,,90.7,High,Expansion_Risk,Imputed_P
2026-08-28,H2,TN,TN,TN|SUMNER,TN|TROUSDALE,TGP-Z1 Sta-87,CG-Mainline,59,46.2566,88.3365,,57.89,Medium,Normal,Imputed_P
2026-08-28,H2,TN,TN,TN|SUMNER,TN|WILSON,TGP-Z1 Sta-87,CG-Mainline,59,46.2566,88.3365,,57.89,Medium,Normal,Imputed_P
2026-08-28,H2,TX,TX,TX|ANDREWS,TX|WINKLER,NNG-Mid 1-7,TW-WTX,,,52.7725,75.754,,,,Missing_N
2026-08-28,H2,TX,TX,TX|ANGELINA,TX|JASPER,TETCO-ETX,Transco-45,47,26.4815,52.7725,81.9511,37.37,Low,Normal,Full
2026-08-28,H2,TX,TX,TX|ANGELINA,TX|POLK,TETCO-ETX,NGPL-TXOK East,43,19.1931,52.7725,81.9511,21.4,Low,Normal,Full
2026-08-28,H2,TX,TX,TX|ANGELINA,TX|TYLER,TETCO-ETX,TGP-Z0 South,53,36.2831,52.7725,81.9511,47.89,Low,Normal,Full
2026-08-28,H2,TX,TX,TX|AUSTIN,TX|FORT BEND,TETCO-STX,NGPL-STX,41,17.9233,52.7725,78.6376,17.37,Low,Normal,Full
2026-08-28,H2,TX,TX,TX|AUSTIN,TX|WALLER,TETCO-STX,TGP-Z0 South,45,24.7619,52.7725,78.6376,30.0,Low,Normal,Full
2026-08-28,H2,TX,TX,TX|AUSTIN,TX|WHARTON,TETCO-STX,TGP-Z0 Border Pool,46,26.746,52.7725,78.6376,32.81,Low,Normal,Full
2026-08-28,H2,TX,TX,TX|BEE,TX|REFUGIO,TETCO-STX,TGP-Z0 Border Pool,47,26.746,52.7725,79.2659,37.37,Low,Normal,Full
2026-08-28,H2,TX,TX,TX|BEE,TX|SAN PATRICIO,TETCO-STX,TGP-Z0 Border Pool,47,26.746,52.7725,79.2659,37.37,Low,Normal,Full
2026-08-28,H2,TX,TX,TX|BOWIE,TX|CASS,EGT-South,NGPL-TXOK East,,,52.7725,,,,,Missing_N
2026-08-28,H2,TX,TX,TX|BRAZORIA,TX|FORT BEND,TETCO-STX,NGPL-STX,41,17.9233,52.7725,78.6376,17.37,Low,Normal,Full
2026-08-28,H2,TX,TX,TX|BRAZORIA,TX|GALVESTON,TETCO-STX,FGT-Z1,,,52.7725,78.6376,,,,Missing_N
2026-08-28,H2,TX,TX,TX|BRAZORIA,TX|MATAGORDA,TETCO-STX,Transco-30,53,37.7646,52.7725,79.2659,47.89,Low,Normal,Full
2026-08-28,H2,TX,TX,TX|BRAZORIA,TX|WHARTON,TETCO-STX,TGP-Z0 Border Pool,46,26.746,52.7725,78.6376,32.81,Low,Normal,Full
2026-08-28,H2,TX,TX,TX|BROOKS,TX|DUVAL,TGP-Z0 Border Pool,TETCO-STX,47,26.746,52.7725,79.2659,37.37,Low,Normal,Full
2026-08-28,H2,TX,TX,TX|BROOKS,TX|HIDALGO,TGP-Z0 Border Pool,TETCO-STX,47,26.746,52.7725,79.2659,37.37,Low,Normal,Full
2026-08-28,H2,TX,TX,TX|BROOKS,TX|JIM HOGG,TGP-Z0 Border Pool,NGPL-STX,61,50.4101,52.7725,79.2659,61.58,Medium,Normal,Full
2026-08-28,H2,TX,TX,TX|BROOKS,TX|JIM WELLS,TGP-Z0 Border Pool,NGPL-STX,61,50.4101,52.7725,79.2659,61.58,Medium,Normal,Full
2026-08-28,H2,TX,TX,TX|BROOKS,TX|KENEDY,TGP-Z0 Border Pool,TETCO-STX,47,26.746,52.7725,79.2659,37.37,Low,Normal,Full
2026-08-28,H2,TX,TX,TX|BROOKS,TX|KLEBERG,TGP-Z0 Border Pool,TETCO-STX,47,26.746,52.7725,79.2659,37.37,Low,Normal,Full
2026-08-28,H2,TX,TX,TX|CALHOUN,TX|MATAGORDA,TETCO-STX,Transco-30,53,37.7646,52.7725,79.2659,47.89,Low,Normal,Full
2026-08-28,H2,TX,TX,TX|CALHOUN,TX|REFUGIO,TETCO-STX,TGP-Z0 Border Pool,47,26.746,52.7725,79.2659,37.37,Low,Normal,Full
2026-08-28,H2,TX,TX,TX|CALHOUN,TX|VICTORIA,TETCO-STX,TGP-Z0 Border Pool,47,26.746,52.7725,79.2659,37.37,Low,Normal,Full
2026-08-28,H2,TX,TX,TX|CARSON,TX|HUTCHINSON,TW-Panhandle,NGPL-Midcont Pool,40,17.4603,52.7725,75.754,15.26,Low,Normal,Full
2026-08-28,H2,TX,TX,TX|CASS,TX|MARION,NGPL-TXOK East,EGT-South,,,52.7725,,,,,Missing_N
2026-08-28,H2,TX,TX,TX|CASS,TX|MORRIS,NGPL-TXOK East,EGT-South,,,52.7725,,,,,Missing_N
2026-08-28,H2,TX,TX,TX|CASTRO,TX|HALE,TW-Panhandle,NNG-Mid 1-7,,,52.7725,75.754,,,,Missing_N
2026-08-28,H2,TX,TX,TX|CHAMBERS,TX|GALVESTON,TETCO-STX,FGT-Z1,,,52.7725,78.6376,,,,Missing_N
2026-08-28,H2,TX,TX,TX|CHAMBERS,TX|JEFFERSON,TETCO-STX,Golden Triangle,,,52.7725,78.6376,,,,Missing_N
2026-08-28,H2,TX,TX,TX|CHAMBERS,TX|LIBERTY,TETCO-STX,NGPL-TXOK East,46,26.2302,52.7725,78.6376,32.81,Low,Normal,Full
2026-08-28,H2,TX,TX,TX|COLORADO,TX|WHARTON,TETCO-STX,TGP-Z0 Border Pool,46,26.746,52.7725,78.6376,32.81,Low,Normal,Full
2026-08-28,H2,TX,TX,TX|DEWITT,TX|VICTORIA,TETCO-STX,TGP-Z0 Border Pool,34,26.746,52.7725,,9.12,Low,Normal,Imputed_P
2026-08-28,H2,TX,TX,TX|DUVAL,TX|JIM HOGG,TETCO-STX,NGPL-STX,41,17.9233,52.7725,79.2659,17.37,Low,Normal,Full
2026-08-28,H2,TX,TX,TX|DUVAL,TX|JIM WELLS,TETCO-STX,NGPL-STX,41,17.9233,52.7725,79.2659,17.37,Low,Normal,Full
2026-08-28,H2,TX,TX,TX|FORT BEND,TX|HARRIS,NGPL-STX,TETCO-STX,38,17.9233,,78.6376,13.16,Low,Normal,Imputed_W
2026-08-28,H2,TX,TX,TX|FORT BEND,TX|WALLER,NGPL-STX,TGP-Z0 South,60,49.1667,52.7725,78.6376,59.82,Medium,Normal,Full
2026-08-28,H2,TX,TX,TX|FORT BEND,TX|WHARTON,NGPL-STX,TGP-Z0 Border Pool,61,50.4101,52.7725,78.6376,61.58,Medium,Normal,Full
2026-08-28,H2,TX,TX,TX|GALVESTON,TX|HARRIS,FGT-Z1,TETCO-STX,,,,78.6376,,,,Missing_N
2026-08-28,H2,TX,TX,TX|GOLIAD,TX|REFUGIO,TETCO-STX,TGP-Z0 Border Pool,47,26.746,52.7725,79.2659,37.37,Low,Normal,Full
2026-08-28,H2,TX,TX,TX|GOLIAD,TX|VICTORIA,TETCO-STX,TGP-Z0 Border Pool,34,26.746,52.7725,,9.12,Low,Normal,Imputed_P
2026-08-28,H2,TX,TX,TX|GRAY,TX|WHEELER,TW-Panhandle,ANR-SW,39,15.9392,52.7725,75.754,14.21,Low,Normal,Full
2026-08-28,H2,TX,TX,TX|GREGG,TX|HARRISON,EGT-South,NGPL-TXOK East,,,52.7725,,,,,Missing_N
2026-08-28,H2,TX,TX,TX|GREGG,TX|RUSK,EGT-South,TETCO-ETX,,,52.7725,81.9511,,,,Missing_N
2026-08-28,H2,TX,TX,TX|GREGG,TX|SMITH,EGT-South,NGPL-TXOK East,,,52.7725,81.9511,,,,Missing_N
2026-08-28,H2,TX,TX,TX|HANSFORD,TX|HUTCHINSON,Panhandle,NGPL-Midcont Pool,57,57.8439,52.7725,,53.51,Medium,Normal,Imputed_P
2026-08-28,H2,TX,TX,TX|HANSFORD,TX|ROBERTS,Panhandle,TW-Panhandle,42,20.4101,52.7725,75.754,19.65,Low,Normal,Full
2026-08-28,H2,TX,TX,TX|HANSFORD,TX|SHERMAN,Panhandle,TW-Panhandle,29,20.4101,52.7725,,5.61,Low,Normal,Imputed_P
2026-08-28,H2,TX,TX,TX|HARDIN,TX|JEFFERSON,Transco-45,Golden Triangle,,,52.7725,,,,,Missing_N
2026-08-28,H2,TX,TX,TX|HARDIN,TX|LIBERTY,Transco-45,NGPL-TXOK East,39,33.4127,52.7725,,14.21,Low,Normal,Imputed_P
2026-08-28,H2,TX,TX,TX|HARDIN,TX|ORANGE,Transco-45,Golden Triangle,,,52.7725,,,,,Missing_N
2026-08-28,H2,TX,TX,TX|HARDIN,TX|POLK,Transco-45,NGPL-TXOK East,39,33.4127,52.7725,,14.21,Low,Normal,Imputed_P
2026-08-28,H2,TX,TX,TX|HARDIN,TX|TYLER,Transco-45,TGP-Z0 South,36,28.7434,52.7725,,11.23,Low,Normal,Imputed_P
2026-08-28,H2,TX,TX,TX|HARRIS,TX|LIBERTY,TETCO-STX,NGPL-TXOK East,44,26.2302,,78.6376,25.96,Low,Normal,Imputed_W
2026-08-28,H2,TX,TX,TX|HARRIS,TX|WALLER,TETCO-STX,TGP-Z0 South,43,24.7619,,78.6376,21.4,Low,Normal,Imputed_W
2026-08-28,H2,TX,TX,TX|HARRISON,TX|MARION,NGPL-TXOK East,EGT-South,,,52.7725,,,,,Missing_N
2026-08-28,H2,TX,TX,TX|HARRISON,TX|PANOLA,NGPL-TXOK East,Carthage,33,25.291,52.7725,,7.72,Low,Normal,Imputed_P
2026-08-28,H2,TX,TX,TX|HARRISON,TX|RUSK,NGPL-TXOK East,TETCO-ETX,43,19.1931,52.7725,81.9511,21.4,Low,Normal,Full
2026-08-28,H2,TX,TX,TX|HARRISON,TX|UPSHUR,NGPL-TXOK East,EGT-South,,,52.7725,,,,,Missing_N
2026-08-28,H2,TX,TX,TX|HIDALGO,TX|STARR,TETCO-STX,TGP-Z0 Border Pool,47,26.746,52.7725,79.2659,37.37,Low,Normal,Full
2026-08-28,H2,TX,TX,TX|HUTCHINSON,TX|ROBERTS,NGPL-Midcont Pool,TW-Panhandle,40,17.4603,52.7725,75.754,15.26,Low,Normal,Full
2026-08-28,H2,TX,TX,TX|HUTCHINSON,TX|SHERMAN,NGPL-Midcont Pool,TW-Panhandle,27,17.4603,52.7725,,4.04,Low,Normal,Imputed_P
2026-08-28,H2,TX,TX,TX|JACKSON,TX|MATAGORDA,TETCO-STX,Transco-30,53,37.7646,52.7725,79.2659,47.89,Low,Normal,Full
2026-08-28,H2,TX,TX,TX|JACKSON,TX|VICTORIA,TETCO-STX,TGP-Z0 Border Pool,34,26.746,52.7725,,9.12,Low,Normal,Imputed_P
2026-08-28,H2,TX,TX,TX|JACKSON,TX|WHARTON,TETCO-STX,TGP-Z0 Border Pool,46,26.746,52.7725,78.6376,32.81,Low,Normal,Full
2026-08-28,H2,TX,TX,TX|JASPER,TX|NEWTON,Transco-45,TETCO-WLA,47,44.4312,52.7725,,37.37,Low,Normal,Imputed_P
2026-08-28,H2,TX,TX,TX|JASPER,TX|ORANGE,Transco-45,Golden Triangle,,,52.7725,,,,,Missing_N
2026-08-28,H2,TX,TX,TX|JASPER,TX|SABINE,Transco-45,TGP-Z0 South,36,28.7434,52.7725,,11.23,Low,Normal,Imputed_P
2026-08-28,H2,TX,TX,TX|JASPER,TX|SAN AUGUSTINE,Transco-45,TETCO-ETX,34,26.4815,52.7725,,9.12,Low,Normal,Imputed_P
2026-08-28,H2,TX,TX,TX|JASPER,TX|TYLER,Transco-45,TGP-Z0 South,36,28.7434,52.7725,,11.23,Low,Normal,Imputed_P
2026-08-28,H2,TX,TX,TX|JEFFERSON,TX|LIBERTY,Golden Triangle,NGPL-TXOK East,,,52.7725,,,,,Missing_N
2026-08-28,H2,TX,TX,TX|JIM HOGG,TX|STARR,NGPL-STX,TGP-Z0 Border Pool,61,50.4101,52.7725,79.2659,61.58,Medium,Normal,Full
2026-08-28,H2,TX,TX,TX|JIM WELLS,TX|KLEBERG,NGPL-STX,TETCO-STX,41,17.9233,52.7725,79.2659,17.37,Low,Normal,Full
2026-08-28,H2,TX,TX,TX|JIM WELLS,TX|LIVE OAK,NGPL-STX,TETCO-STX,41,17.9233,52.7725,79.2659,17.37,Low,Normal,Full
2026-08-28,H2,TX,TX,TX|JIM WELLS,TX|NUECES,NGPL-STX,TGP-Z0 Border Pool,62,50.4101,60.2294,79.2659,63.33,Medium,Normal,Full
2026-08-28,H2,TX,TX,TX|JIM WELLS,TX|SAN PATRICIO,NGPL-STX,TGP-Z0 Border Pool,61,50.4101,52.7725,79.2659,61.58,Medium,Normal,Full
2026-08-28,H2,TX,TX,TX|KLEBERG,TX|NUECES,TETCO-STX,TGP-Z0 Border Pool,48,26.746,60.2294,79.2659,40.0,Low,Normal,Full
2026-08-28,H2,TX,TX,TX|LAVACA,TX|VICTORIA,TETCO-STX,TGP-Z0 Border Pool,34,26.746,52.7725,,9.12,Low,Normal,Imputed_P
2026-08-28,H2,TX,TX,TX|LIBERTY,TX|MONTGOMERY,NGPL-TXOK East,TETCO-STX,44,26.2302,,78.6376,25.96,Low,Normal,Imputed_W
2026-08-28,H2,TX,TX,TX|LIBERTY,TX|SAN JACINTO,NGPL-TXOK East,TGP-Z0 South,44,40.3836,52.7725,,25.96,Low,Normal,Imputed_P
2026-08-28,H2,TX,TX,TX|LIVE OAK,TX|SAN PATRICIO,TETCO-STX,TGP-Z0 Border Pool,47,26.746,52.7725,79.2659,37.37,Low,Normal,Full
2026-08-28,H2,TX,TX,TX|LOVING,TX|REEVES,TW-WTX,NNG-Mid 1-7,,,52.7725,75.754,,,,Missing_N
2026-08-28,H2,TX,TX,TX|LOVING,TX|WARD,TW-WTX,Oasis - Waha Pool,55,41.5608,52.7725,75.754,52.46,Medium,Normal,Full
2026-08-28,H2,TX,TX,TX|MATAGORDA,TX|WHARTON,Transco-30,TGP-Z0 Border Pool,53,37.2222,52.7725,79.2659,47.89,Low,Normal,Full
2026-08-28,H2,TX,TX,TX|MONTGOMERY,TX|SAN JACINTO,TETCO-STX,TGP-Z0 South,43,24.7619,,78.6376,21.4,Low,Normal,Imputed_W
2026-08-28,H2,TX,TX,TX|MONTGOMERY,TX|WALLER,TETCO-STX,TGP-Z0 South,43,24.7619,,78.6376,21.4,Low,Normal,Imputed_W
2026-08-28,H2,TX,TX,TX|NEWTON,TX|ORANGE,TETCO-WLA,Golden Triangle,,,52.7725,,,,,Missing_N
2026-08-28,H2,TX,TX,TX|NEWTON,TX|SABINE,TETCO-WLA,TGP-Z0 South,31,22.5,52.7725,,7.02,Low,Normal,Imputed_P
2026-08-28,H2,TX,TX,TX|PANOLA,TX|RUSK,Carthage,TETCO-ETX,43,19.2989,52.7725,81.9511,21.4,Low,Normal,Full
2026-08-28,H2,TX,TX,TX|PANOLA,TX|SHELBY,Carthage,TETCO-ETX,29,19.2989,52.7725,,5.61,Low,Normal,Imputed_P
2026-08-28,H2,TX,TX,TX|PECOS,TX|WARD,NNG-Mid 1-7,Oasis - Waha Pool,,,52.7725,75.754,,,,Missing_N
2026-08-28,H2,TX,TX,TX|POLK,TX|SAN JACINTO,NGPL-TXOK East,TGP-Z0 South,44,40.3836,52.7725,,25.96,Low,Normal,Imputed_P
2026-08-28,H2,TX,TX,TX|POLK,TX|TYLER,NGPL-TXOK East,TGP-Z0 South,44,40.3836,52.7725,,25.96,Low,Normal,Imputed_P
2026-08-28,H2,TX,TX,TX|REEVES,TX|WARD,NNG-Mid 1-7,Oasis - Waha Pool,,,52.7725,75.754,,,,Missing_N
2026-08-28,H2,TX,TX,TX|ROBERTS,TX|WHEELER,TW-Panhandle,ANR-SW,39,15.9392,52.7725,75.754,14.21,Low,Normal,Full
2026-08-28,H2,TX,TX,TX|RUSK,TX|SMITH,TETCO-ETX,NGPL-TXOK East,43,19.1931,52.7725,81.9511,21.4,Low,Normal,Full
2026-08-28,H2,TX,TX,TX|SABINE,TX|SAN AUGUSTINE,TGP-Z0 South,TETCO-ETX,41,36.2831,52.7725,,17.37,Low,Normal,Imputed_P
2026-08-28,H2,TX,TX,TX|SABINE,TX|SHELBY,TGP-Z0 South,TETCO-ETX,41,36.2831,52.7725,,17.37,Low,Normal,Imputed_P
2026-08-28,H2,TX,TX,TX|SAN JACINTO,TX|WALKER,TGP-Z0 South,TETCO-STX,33,24.7619,52.7725,,7.72,Low,Normal,Imputed_P
2026-08-28,H2,TX,TX,TX|SMITH,TX|UPSHUR,NGPL-TXOK East,EGT-South,,,52.7725,81.9511,,,,Missing_N
2026-08-28,H2,TX,TX,TX|SMITH,TX|WOOD,NGPL-TXOK East,EGT-South,,,52.7725,81.9511,,,,Missing_N
2026-08-28,H2,TX,TX,TX|WARD,TX|WINKLER,Oasis - Waha Pool,TW-WTX,55,41.5608,52.7725,75.754,52.46,Medium,Normal,Full
2026-08-28,H2,WV,WV,WV|MARSHALL,WV|WETZEL,TETCO-M2 (receipt),Eastern Gas South,24,24.2328,,,1.05,Low,Normal,Imputed_WP
